,Location,Filename,Year,Month,Day,Hour,AQI,PM2.5,PM10,O3,CO,SO2,NO2,AQI_Class
239,Bengaluru,BENGR_Good_2023-02-19-08.30-1-1.jpg,2023,2,19,8.30,41,20,36,9,165,3,8,a_Good
240,Bengaluru,BENGR_Good_2023-02-19-08.30-1-10.jpg,2023,2,19,8.30,41,20,36,9,165,3,8,a_Good
241,Bengaluru,BENGR_Good_2023-02-19-08.30-1-11.jpg,2023,2,19,8.30,41,20,36,9,165,3,8,a_Good
242,Bengaluru,BENGR_Good_2023-02-19-08.30-1-12.jpg,2023,2,19,8.30,41,20,36,9,165,3,8,a_Good
243,Bengaluru,BENGR_Good_2023-02-19-08.30-1-13.jpg,2023,2,19,8.30,41,20,36,9,165,3,8,a_Good
244,Bengaluru,BENGR_Good_2023-02-19-08.30-1-14.jpg,2023,2,19,8.30,41,20,36,9,165,3,8,a_Good
245,Bengaluru,BENGR_Good_2023-02-19-08.30-1-15.jpg,2023,2,19,8.30,41,20,36,9,165,3,8,a_Good
246,Bengaluru,BENGR_Good_2023-02-19-08.30-1-16.jpg,2023,2,19,8.30,41,20,36,9,165,3,8,a_Good
247,Bengaluru,BENGR_Good_2023-02-19-08.30-1-17.jpg,2023,2,19,8.30,41,20,36,9,165,3,8,a_Good
248,Bengaluru,BENGR_Good_2023-02-19-08.30-1-18.jpg,2023,2,19,8.30,41,20,36,9,165,3,8,a_Good
249,Bengaluru,BENGR_Good_2023-02-19-08.30-1-19.jpg,2023,2,19,8.30,41,20,36,9,165,3,8,a_Good
250,Bengaluru,BENGR_Good_2023-02-19-08.30-1-2.jpg,2023,2,19,8.30,41,20,36,9,165,3,8,a_Good
251,Bengaluru,BENGR_Good_2023-02-19-08.30-1-20.jpg,2023,2,19,8.30,41,20,36,9,165,3,8,a_Good
252,Bengaluru,BENGR_Good_2023-02-19-08.30-1-21.jpg,2023,2,19,8.30,41,20,36,9,165,3,8,a_Good
253,Bengaluru,BENGR_Good_2023-02-19-08.30-1-22.jpg,2023,2,19,8.30,41,20,36,9,165,3,8,a_Good
254,Bengaluru,BENGR_Good_2023-02-19-08.30-1-23.jpg,2023,2,19,8.30,41,20,36,9,165,3,8,a_Good
255,Bengaluru,BENGR_Good_2023-02-19-08.30-1-24.jpg,2023,2,19,8.30,41,20,36,9,165,3,8,a_Good
256,Bengaluru,BENGR_Good_2023-02-19-08.30-1-25.jpg,2023,2,19,8.30,41,20,36,9,165,3,8,a_Good
257,Bengaluru,BENGR_Good_2023-02-19-08.30-1-26.jpg,2023,2,19,8.30,41,20,36,9,165,3,8,a_Good
258,Bengaluru,BENGR_Good_2023-02-19-08.30-1-27.jpg,2023,2,19,8.30,41,20,36,9,165,3,8,a_Good
259,Bengaluru,BENGR_Good_2023-02-19-08.30-1-28.jpg,2023,2,19,8.30,41,20,36,9,165,3,8,a_Good
260,Bengaluru,BENGR_Good_2023-02-19-08.30-1-29.jpg,2023,2,19,8.30,41,20,36,9,165,3,8,a_Good
261,Bengaluru,BENGR_Good_2023-02-19-08.30-1-3.jpg,2023,2,19,8.30,41,20,36,9,165,3,8,a_Good
262,Bengaluru,BENGR_Good_2023-02-19-08.30-1-30.jpg,2023,2,19,8.30,41,20,36,9,165,3,8,a_Good
263,Bengaluru,BENGR_Good_2023-02-19-08.30-1-31.jpg,2023,2,19,8.30,41,20,36,9,165,3,8,a_Good
264,Bengaluru,BENGR_Good_2023-02-19-08.30-1-32.jpg,2023,2,19,8.30,41,20,36,9,165,3,8,a_Good
265,Bengaluru,BENGR_Good_2023-02-19-08.30-1-33.jpg,2023,2,19,8.30,41,20,36,9,165,3,8,a_Good
266,Bengaluru,BENGR_Good_2023-02-19-08.30-1-34.jpg,2023,2,19,8.30,41,20,36,9,165,3,8,a_Good
267,Bengaluru,BENGR_Good_2023-02-19-08.30-1-35.jpg,2023,2,19,8.30,41,20,36,9,165,3,8,a_Good
268,Bengaluru,BENGR_Good_2023-02-19-08.30-1-36.jpg,2023,2,19,8.30,41,20,36,9,165,3,8,a_Good
269,Bengaluru,BENGR_Good_2023-02-19-08.30-1-37.jpg,2023,2,19,8.30,41,20,36,9,165,3,8,a_Good
270,Bengaluru,BENGR_Good_2023-02-19-08.30-1-38.jpg,2023,2,19,8.30,41,20,36,9,165,3,8,a_Good
271,Bengaluru,BENGR_Good_2023-02-19-08.30-1-39.jpg,2023,2,19,8.30,41,20,36,9,165,3,8,a_Good
272,Bengaluru,BENGR_Good_2023-02-19-08.30-1-4.jpg,2023,2,19,8.30,41,20,36,9,165,3,8,a_Good
273,Bengaluru,BENGR_Good_2023-02-19-08.30-1-40.jpg,2023,2,19,8.30,41,20,36,9,165,3,8,a_Good
274,Bengaluru,BENGR_Good_2023-02-19-08.30-1-41.jpg,2023,2,19,8.30,41,20,36,9,165,3,8,a_Good
275,Bengaluru,BENGR_Good_2023-02-19-08.30-1-42.jpg,2023,2,19,8.30,41,20,36,9,165,3,8,a_Good
276,Bengaluru,BENGR_Good_2023-02-19-08.30-1-43.jpg,2023,2,19,8.30,41,20,36,9,165,3,8,a_Good
277,Bengaluru,BENGR_Good_2023-02-19-08.30-1-44.jpg,2023,2,19,8.30,41,20,36,9,165,3,8,a_Good
278,Bengaluru,BENGR_Good_2023-02-19-08.30-1-45.jpg,2023,2,19,8.30,41,20,36,9,165,3,8,a_Good
279,Bengaluru,BENGR_Good_2023-02-19-08.30-1-46.jpg,2023,2,19,8.30,41,20,36,9,165,3,8,a_Good
280,Bengaluru,BENGR_Good_2023-02-19-08.30-1-47.jpg,2023,2,19,8.30,41,20,36,9,165,3,8,a_Good
281,Bengaluru,BENGR_Good_2023-02-19-08.30-1-48.jpg,2023,2,19,8.30,41,20,36,9,165,3,8,a_Good
282,Bengaluru,BENGR_Good_2023-02-19-08.30-1-5.jpg,2023,2,19,8.30,41,20,36,9,165,3,8,a_Good
283,Bengaluru,BENGR_Good_2023-02-19-08.30-1-6.jpg,2023,2,19,8.30,41,20,36,9,165,3,8,a_Good
284,Bengaluru,BENGR_Good_2023-02-19-08.30-1-7.jpg,2023,2,19,8.30,41,20,36,9,165,3,8,a_Good
285,Bengaluru,BENGR_Good_2023-02-19-08.30-1-8.jpg,2023,2,19,8.30,41,20,36,9,165,3,8,a_Good
286,Bengaluru,BENGR_Good_2023-02-19-08.30-1-9.jpg,2023,2,19,8.30,41,20,36,9,165,3,8,a_Good
753,Bengaluru,BENGR_Good_2023-02-26-08.30-1-1.jpg,2023,2,26,8.30,48,24,47,17,210,13,14,a_Good
754,Bengaluru,BENGR_Good_2023-02-26-08.30-1-101.jpg,2023,2,26,8.30,48,24,47,17,210,13,14,a_Good
755,Bengaluru,BENGR_Good_2023-02-26-08.30-1-106.jpg,2023,2,26,8.30,48,24,47,17,210,13,14,a_Good
756,Bengaluru,BENGR_Good_2023-02-26-08.30-1-11.jpg,2023,2,26,8.30,48,24,47,17,210,13,14,a_Good
757,Bengaluru,BENGR_Good_2023-02-26-08.30-1-111.jpg,2023,2,26,8.30,48,24,47,17,210,13,14,a_Good
758,Bengaluru,BENGR_Good_2023-02-26-08.30-1-116.jpg,2023,2,26,8.30,48,24,47,17,210,13,14,a_Good
759,Bengaluru,BENGR_Good_2023-02-26-08.30-1-121.jpg,2023,2,26,8.30,48,24,47,17,210,13,14,a_Good
760,Bengaluru,BENGR_Good_2023-02-26-08.30-1-126.jpg,2023,2,26,8.30,48,24,47,17,210,13,14,a_Good
761,Bengaluru,BENGR_Good_2023-02-26-08.30-1-131.jpg,2023,2,26,8.30,48,24,47,17,210,13,14,a_Good
762,Bengaluru,BENGR_Good_2023-02-26-08.30-1-136.jpg,2023,2,26,8.30,48,24,47,17,210,13,14,a_Good
763,Bengaluru,BENGR_Good_2023-02-26-08.30-1-141.jpg,2023,2,26,8.30,48,24,47,17,210,13,14,a_Good
764,Bengaluru,BENGR_Good_2023-02-26-08.30-1-146.jpg,2023,2,26,8.30,48,24,47,17,210,13,14,a_Good
765,Bengaluru,BENGR_Good_2023-02-26-08.30-1-151.jpg,2023,2,26,8.30,48,24,47,17,210,13,14,a_Good
766,Bengaluru,BENGR_Good_2023-02-26-08.30-1-156.jpg,2023,2,26,8.30,48,24,47,17,210,13,14,a_Good
767,Bengaluru,BENGR_Good_2023-02-26-08.30-1-16.jpg,2023,2,26,8.30,48,24,47,17,210,13,14,a_Good
768,Bengaluru,BENGR_Good_2023-02-26-08.30-1-161.jpg,2023,2,26,8.30,48,24,47,17,210,13,14,a_Good
769,Bengaluru,BENGR_Good_2023-02-26-08.30-1-166.jpg,2023,2,26,8.30,48,24,47,17,210,13,14,a_Good
770,Bengaluru,BENGR_Good_2023-02-26-08.30-1-171.jpg,2023,2,26,8.30,48,24,47,17,210,13,14,a_Good
771,Bengaluru,BENGR_Good_2023-02-26-08.30-1-176.jpg,2023,2,26,8.30,48,24,47,17,210,13,14,a_Good
772,Bengaluru,BENGR_Good_2023-02-26-08.30-1-181.jpg,2023,2,26,8.30,48,24,47,17,210,13,14,a_Good
773,Bengaluru,BENGR_Good_2023-02-26-08.30-1-186.jpg,2023,2,26,8.30,48,24,47,17,210,13,14,a_Good
774,Bengaluru,BENGR_Good_2023-02-26-08.30-1-191.jpg,2023,2,26,8.30,48,24,47,17,210,13,14,a_Good
775,Bengaluru,BENGR_Good_2023-02-26-08.30-1-196.jpg,2023,2,26,8.30,48,24,47,17,210,13,14,a_Good
776,Bengaluru,BENGR_Good_2023-02-26-08.30-1-201.jpg,2023,2,26,8.30,48,24,47,17,210,13,14,a_Good
777,Bengaluru,BENGR_Good_2023-02-26-08.30-1-206.jpg,2023,2,26,8.30,48,24,47,17,210,13,14,a_Good
778,Bengaluru,BENGR_Good_2023-02-26-08.30-1-21.jpg,2023,2,26,8.30,48,24,47,17,210,13,14,a_Good
779,Bengaluru,BENGR_Good_2023-02-26-08.30-1-211.jpg,2023,2,26,8.30,48,24,47,17,210,13,14,a_Good
780,Bengaluru,BENGR_Good_2023-02-26-08.30-1-216.jpg,2023,2,26,8.30,48,24,47,17,210,13,14,a_Good
781,Bengaluru,BENGR_Good_2023-02-26-08.30-1-221.jpg,2023,2,26,8.30,48,24,47,17,210,13,14,a_Good
782,Bengaluru,BENGR_Good_2023-02-26-08.30-1-226.jpg,2023,2,26,8.30,48,24,47,17,210,13,14,a_Good
783,Bengaluru,BENGR_Good_2023-02-26-08.30-1-231.jpg,2023,2,26,8.30,48,24,47,17,210,13,14,a_Good
784,Bengaluru,BENGR_Good_2023-02-26-08.30-1-236.jpg,2023,2,26,8.30,48,24,47,17,210,13,14,a_Good
785,Bengaluru,BENGR_Good_2023-02-26-08.30-1-241.jpg,2023,2,26,8.30,48,24,47,17,210,13,14,a_Good
786,Bengaluru,BENGR_Good_2023-02-26-08.30-1-246.jpg,2023,2,26,8.30,48,24,47,17,210,13,14,a_Good
787,Bengaluru,BENGR_Good_2023-02-26-08.30-1-251.jpg,2023,2,26,8.30,48,24,47,17,210,13,14,a_Good
788,Bengaluru,BENGR_Good_2023-02-26-08.30-1-256.jpg,2023,2,26,8.30,48,24,47,17,210,13,14,a_Good
789,Bengaluru,BENGR_Good_2023-02-26-08.30-1-26.jpg,2023,2,26,8.30,48,24,47,17,210,13,14,a_Good
790,Bengaluru,BENGR_Good_2023-02-26-08.30-1-261.jpg,2023,2,26,8.30,48,24,47,17,210,13,14,a_Good
791,Bengaluru,BENGR_Good_2023-02-26-08.30-1-266.jpg,2023,2,26,8.30,48,24,47,17,210,13,14,a_Good
792,Bengaluru,BENGR_Good_2023-02-26-08.30-1-271.jpg,2023,2,26,8.30,48,24,47,17,210,13,14,a_Good
793,Bengaluru,BENGR_Good_2023-02-26-08.30-1-276.jpg,2023,2,26,8.30,48,24,47,17,210,13,14,a_Good
794,Bengaluru,BENGR_Good_2023-02-26-08.30-1-281.jpg,2023,2,26,8.30,48,24,47,17,210,13,14,a_Good
795,Bengaluru,BENGR_Good_2023-02-26-08.30-1-286.jpg,2023,2,26,8.30,48,24,47,17,210,13,14,a_Good
796,Bengaluru,BENGR_Good_2023-02-26-08.30-1-291.jpg,2023,2,26,8.30,48,24,47,17,210,13,14,a_Good
797,Bengaluru,BENGR_Good_2023-02-26-08.30-1-296.jpg,2023,2,26,8.30,48,24,47,17,210,13,14,a_Good
798,Bengaluru,BENGR_Good_2023-02-26-08.30-1-301.jpg,2023,2,26,8.30,48,24,47,17,210,13,14,a_Good
799,Bengaluru,BENGR_Good_2023-02-26-08.30-1-306.jpg,2023,2,26,8.30,48,24,47,17,210,13,14,a_Good
800,Bengaluru,BENGR_Good_2023-02-26-08.30-1-31.jpg,2023,2,26,8.30,48,24,47,17,210,13,14,a_Good
801,Bengaluru,BENGR_Good_2023-02-26-08.30-1-311.jpg,2023,2,26,8.30,48,24,47,17,210,13,14,a_Good
802,Bengaluru,BENGR_Good_2023-02-26-08.30-1-316.jpg,2023,2,26,8.30,48,24,47,17,210,13,14,a_Good
803,Bengaluru,BENGR_Good_2023-02-26-08.30-1-321.jpg,2023,2,26,8.30,48,24,47,17,210,13,14,a_Good
804,Bengaluru,BENGR_Good_2023-02-26-08.30-1-326.jpg,2023,2,26,8.30,48,24,47,17,210,13,14,a_Good
805,Bengaluru,BENGR_Good_2023-02-26-08.30-1-331.jpg,2023,2,26,8.30,48,24,47,17,210,13,14,a_Good
806,Bengaluru,BENGR_Good_2023-02-26-08.30-1-336.jpg,2023,2,26,8.30,48,24,47,17,210,13,14,a_Good
807,Bengaluru,BENGR_Good_2023-02-26-08.30-1-341.jpg,2023,2,26,8.30,48,24,47,17,210,13,14,a_Good
808,Bengaluru,BENGR_Good_2023-02-26-08.30-1-346.jpg,2023,2,26,8.30,48,24,47,17,210,13,14,a_Good
809,Bengaluru,BENGR_Good_2023-02-26-08.30-1-351.jpg,2023,2,26,8.30,48,24,47,17,210,13,14,a_Good
810,Bengaluru,BENGR_Good_2023-02-26-08.30-1-356.jpg,2023,2,26,8.30,48,24,47,17,210,13,14,a_Good
811,Bengaluru,BENGR_Good_2023-02-26-08.30-1-36.jpg,2023,2,26,8.30,48,24,47,17,210,13,14,a_Good
812,Bengaluru,BENGR_Good_2023-02-26-08.30-1-361.jpg,2023,2,26,8.30,48,24,47,17,210,13,14,a_Good
813,Bengaluru,BENGR_Good_2023-02-26-08.30-1-366.jpg,2023,2,26,8.30,48,24,47,17,210,13,14,a_Good
814,Bengaluru,BENGR_Good_2023-02-26-08.30-1-371.jpg,2023,2,26,8.30,48,24,47,17,210,13,14,a_Good
815,Bengaluru,BENGR_Good_2023-02-26-08.30-1-376.jpg,2023,2,26,8.30,48,24,47,17,210,13,14,a_Good
816,Bengaluru,BENGR_Good_2023-02-26-08.30-1-381.jpg,2023,2,26,8.30,48,24,47,17,210,13,14,a_Good
817,Bengaluru,BENGR_Good_2023-02-26-08.30-1-386.jpg,2023,2,26,8.30,48,24,47,17,210,13,14,a_Good
818,Bengaluru,BENGR_Good_2023-02-26-08.30-1-391.jpg,2023,2,26,8.30,48,24,47,17,210,13,14,a_Good
819,Bengaluru,BENGR_Good_2023-02-26-08.30-1-396.jpg,2023,2,26,8.30,48,24,47,17,210,13,14,a_Good
820,Bengaluru,BENGR_Good_2023-02-26-08.30-1-401.jpg,2023,2,26,8.30,48,24,47,17,210,13,14,a_Good
821,Bengaluru,BENGR_Good_2023-02-26-08.30-1-406.jpg,2023,2,26,8.30,48,24,47,17,210,13,14,a_Good
822,Bengaluru,BENGR_Good_2023-02-26-08.30-1-41.jpg,2023,2,26,8.30,48,24,47,17,210,13,14,a_Good
823,Bengaluru,BENGR_Good_2023-02-26-08.30-1-411.jpg,2023,2,26,8.30,48,24,47,17,210,13,14,a_Good
824,Bengaluru,BENGR_Good_2023-02-26-08.30-1-416.jpg,2023,2,26,8.30,48,24,47,17,210,13,14,a_Good
825,Bengaluru,BENGR_Good_2023-02-26-08.30-1-421.jpg,2023,2,26,8.30,48,24,47,17,210,13,14,a_Good
826,Bengaluru,BENGR_Good_2023-02-26-08.30-1-426.jpg,2023,2,26,8.30,48,24,47,17,210,13,14,a_Good
827,Bengaluru,BENGR_Good_2023-02-26-08.30-1-431.jpg,2023,2,26,8.30,48,24,47,17,210,13,14,a_Good
828,Bengaluru,BENGR_Good_2023-02-26-08.30-1-436.jpg,2023,2,26,8.30,48,24,47,17,210,13,14,a_Good
829,Bengaluru,BENGR_Good_2023-02-26-08.30-1-441.jpg,2023,2,26,8.30,48,24,47,17,210,13,14,a_Good
830,Bengaluru,BENGR_Good_2023-02-26-08.30-1-446.jpg,2023,2,26,8.30,48,24,47,17,210,13,14,a_Good
831,Bengaluru,BENGR_Good_2023-02-26-08.30-1-46.jpg,2023,2,26,8.30,48,24,47,17,210,13,14,a_Good
832,Bengaluru,BENGR_Good_2023-02-26-08.30-1-51.jpg,2023,2,26,8.30,48,24,47,17,210,13,14,a_Good
833,Bengaluru,BENGR_Good_2023-02-26-08.30-1-56.jpg,2023,2,26,8.30,48,24,47,17,210,13,14,a_Good
834,Bengaluru,BENGR_Good_2023-02-26-08.30-1-6.jpg,2023,2,26,8.30,48,24,47,17,210,13,14,a_Good
835,Bengaluru,BENGR_Good_2023-02-26-08.30-1-61.jpg,2023,2,26,8.30,48,24,47,17,210,13,14,a_Good
836,Bengaluru,BENGR_Good_2023-02-26-08.30-1-66.jpg,2023,2,26,8.30,48,24,47,17,210,13,14,a_Good
837,Bengaluru,BENGR_Good_2023-02-26-08.30-1-71.jpg,2023,2,26,8.30,48,24,47,17,210,13,14,a_Good
838,Bengaluru,BENGR_Good_2023-02-26-08.30-1-76.jpg,2023,2,26,8.30,48,24,47,17,210,13,14,a_Good
839,Bengaluru,BENGR_Good_2023-02-26-08.30-1-81.jpg,2023,2,26,8.30,48,24,47,17,210,13,14,a_Good
840,Bengaluru,BENGR_Good_2023-02-26-08.30-1-86.jpg,2023,2,26,8.30,48,24,47,17,210,13,14,a_Good
841,Bengaluru,BENGR_Good_2023-02-26-08.30-1-91.jpg,2023,2,26,8.30,48,24,47,17,210,13,14,a_Good
842,Bengaluru,BENGR_Good_2023-02-26-08.30-1-96.jpg,2023,2,26,8.30,48,24,47,17,210,13,14,a_Good
843,Bengaluru,BENGR_Good_2023-02-27-08.30-1-1.jpg,2023,2,27,8.30,47,24,46,19,216,8,14,a_Good
844,Bengaluru,BENGR_Good_2023-02-27-08.30-1-101.jpg,2023,2,27,8.30,47,24,46,19,216,8,14,a_Good
845,Bengaluru,BENGR_Good_2023-02-27-08.30-1-106.jpg,2023,2,27,8.30,47,24,46,19,216,8,14,a_Good
846,Bengaluru,BENGR_Good_2023-02-27-08.30-1-11.jpg,2023,2,27,8.30,47,24,46,19,216,8,14,a_Good
847,Bengaluru,BENGR_Good_2023-02-27-08.30-1-111.jpg,2023,2,27,8.30,47,24,46,19,216,8,14,a_Good
848,Bengaluru,BENGR_Good_2023-02-27-08.30-1-116.jpg,2023,2,27,8.30,47,24,46,19,216,8,14,a_Good
849,Bengaluru,BENGR_Good_2023-02-27-08.30-1-121.jpg,2023,2,27,8.30,47,24,46,19,216,8,14,a_Good
850,Bengaluru,BENGR_Good_2023-02-27-08.30-1-126.jpg,2023,2,27,8.30,47,24,46,19,216,8,14,a_Good
851,Bengaluru,BENGR_Good_2023-02-27-08.30-1-131.jpg,2023,2,27,8.30,47,24,46,19,216,8,14,a_Good
852,Bengaluru,BENGR_Good_2023-02-27-08.30-1-136.jpg,2023,2,27,8.30,47,24,46,19,216,8,14,a_Good
853,Bengaluru,BENGR_Good_2023-02-27-08.30-1-141.jpg,2023,2,27,8.30,47,24,46,19,216,8,14,a_Good
854,Bengaluru,BENGR_Good_2023-02-27-08.30-1-146.jpg,2023,2,27,8.30,47,24,46,19,216,8,14,a_Good
855,Bengaluru,BENGR_Good_2023-02-27-08.30-1-151.jpg,2023,2,27,8.30,47,24,46,19,216,8,14,a_Good
856,Bengaluru,BENGR_Good_2023-02-27-08.30-1-156.jpg,2023,2,27,8.30,47,24,46,19,216,8,14,a_Good
857,Bengaluru,BENGR_Good_2023-02-27-08.30-1-16.jpg,2023,2,27,8.30,47,24,46,19,216,8,14,a_Good
858,Bengaluru,BENGR_Good_2023-02-27-08.30-1-161.jpg,2023,2,27,8.30,47,24,46,19,216,8,14,a_Good
859,Bengaluru,BENGR_Good_2023-02-27-08.30-1-166.jpg,2023,2,27,8.30,47,24,46,19,216,8,14,a_Good
860,Bengaluru,BENGR_Good_2023-02-27-08.30-1-171.jpg,2023,2,27,8.30,47,24,46,19,216,8,14,a_Good
861,Bengaluru,BENGR_Good_2023-02-27-08.30-1-176.jpg,2023,2,27,8.30,47,24,46,19,216,8,14,a_Good
862,Bengaluru,BENGR_Good_2023-02-27-08.30-1-181.jpg,2023,2,27,8.30,47,24,46,19,216,8,14,a_Good
863,Bengaluru,BENGR_Good_2023-02-27-08.30-1-186.jpg,2023,2,27,8.30,47,24,46,19,216,8,14,a_Good
864,Bengaluru,BENGR_Good_2023-02-27-08.30-1-191.jpg,2023,2,27,8.30,47,24,46,19,216,8,14,a_Good
865,Bengaluru,BENGR_Good_2023-02-27-08.30-1-196.jpg,2023,2,27,8.30,47,24,46,19,216,8,14,a_Good
866,Bengaluru,BENGR_Good_2023-02-27-08.30-1-201.jpg,2023,2,27,8.30,47,24,46,19,216,8,14,a_Good
867,Bengaluru,BENGR_Good_2023-02-27-08.30-1-206.jpg,2023,2,27,8.30,47,24,46,19,216,8,14,a_Good
868,Bengaluru,BENGR_Good_2023-02-27-08.30-1-21.jpg,2023,2,27,8.30,47,24,46,19,216,8,14,a_Good
869,Bengaluru,BENGR_Good_2023-02-27-08.30-1-211.jpg,2023,2,27,8.30,47,24,46,19,216,8,14,a_Good
870,Bengaluru,BENGR_Good_2023-02-27-08.30-1-216.jpg,2023,2,27,8.30,47,24,46,19,216,8,14,a_Good
871,Bengaluru,BENGR_Good_2023-02-27-08.30-1-221.jpg,2023,2,27,8.30,47,24,46,19,216,8,14,a_Good
872,Bengaluru,BENGR_Good_2023-02-27-08.30-1-226.jpg,2023,2,27,8.30,47,24,46,19,216,8,14,a_Good
873,Bengaluru,BENGR_Good_2023-02-27-08.30-1-231.jpg,2023,2,27,8.30,47,24,46,19,216,8,14,a_Good
874,Bengaluru,BENGR_Good_2023-02-27-08.30-1-236.jpg,2023,2,27,8.30,47,24,46,19,216,8,14,a_Good
875,Bengaluru,BENGR_Good_2023-02-27-08.30-1-241.jpg,2023,2,27,8.30,47,24,46,19,216,8,14,a_Good
876,Bengaluru,BENGR_Good_2023-02-27-08.30-1-246.jpg,2023,2,27,8.30,47,24,46,19,216,8,14,a_Good
877,Bengaluru,BENGR_Good_2023-02-27-08.30-1-251.jpg,2023,2,27,8.30,47,24,46,19,216,8,14,a_Good
878,Bengaluru,BENGR_Good_2023-02-27-08.30-1-256.jpg,2023,2,27,8.30,47,24,46,19,216,8,14,a_Good
879,Bengaluru,BENGR_Good_2023-02-27-08.30-1-26.jpg,2023,2,27,8.30,47,24,46,19,216,8,14,a_Good
880,Bengaluru,BENGR_Good_2023-02-27-08.30-1-261.jpg,2023,2,27,8.30,47,24,46,19,216,8,14,a_Good
881,Bengaluru,BENGR_Good_2023-02-27-08.30-1-266.jpg,2023,2,27,8.30,47,24,46,19,216,8,14,a_Good
882,Bengaluru,BENGR_Good_2023-02-27-08.30-1-271.jpg,2023,2,27,8.30,47,24,46,19,216,8,14,a_Good
883,Bengaluru,BENGR_Good_2023-02-27-08.30-1-276.jpg,2023,2,27,8.30,47,24,46,19,216,8,14,a_Good
884,Bengaluru,BENGR_Good_2023-02-27-08.30-1-281.jpg,2023,2,27,8.30,47,24,46,19,216,8,14,a_Good
885,Bengaluru,BENGR_Good_2023-02-27-08.30-1-286.jpg,2023,2,27,8.30,47,24,46,19,216,8,14,a_Good
886,Bengaluru,BENGR_Good_2023-02-27-08.30-1-291.jpg,2023,2,27,8.30,47,24,46,19,216,8,14,a_Good
887,Bengaluru,BENGR_Good_2023-02-27-08.30-1-296.jpg,2023,2,27,8.30,47,24,46,19,216,8,14,a_Good
888,Bengaluru,BENGR_Good_2023-02-27-08.30-1-301.jpg,2023,2,27,8.30,47,24,46,19,216,8,14,a_Good
889,Bengaluru,BENGR_Good_2023-02-27-08.30-1-306.jpg,2023,2,27,8.30,47,24,46,19,216,8,14,a_Good
890,Bengaluru,BENGR_Good_2023-02-27-08.30-1-31.jpg,2023,2,27,8.30,47,24,46,19,216,8,14,a_Good
891,Bengaluru,BENGR_Good_2023-02-27-08.30-1-311.jpg,2023,2,27,8.30,47,24,46,19,216,8,14,a_Good
892,Bengaluru,BENGR_Good_2023-02-27-08.30-1-316.jpg,2023,2,27,8.30,47,24,46,19,216,8,14,a_Good
893,Bengaluru,BENGR_Good_2023-02-27-08.30-1-321.jpg,2023,2,27,8.30,47,24,46,19,216,8,14,a_Good
894,Bengaluru,BENGR_Good_2023-02-27-08.30-1-326.jpg,2023,2,27,8.30,47,24,46,19,216,8,14,a_Good
895,Bengaluru,BENGR_Good_2023-02-27-08.30-1-331.jpg,2023,2,27,8.30,47,24,46,19,216,8,14,a_Good
896,Bengaluru,BENGR_Good_2023-02-27-08.30-1-336.jpg,2023,2,27,8.30,47,24,46,19,216,8,14,a_Good
897,Bengaluru,BENGR_Good_2023-02-27-08.30-1-341.jpg,2023,2,27,8.30,47,24,46,19,216,8,14,a_Good
898,Bengaluru,BENGR_Good_2023-02-27-08.30-1-346.jpg,2023,2,27,8.30,47,24,46,19,216,8,14,a_Good
899,Bengaluru,BENGR_Good_2023-02-27-08.30-1-351.jpg,2023,2,27,8.30,47,24,46,19,216,8,14,a_Good
900,Bengaluru,BENGR_Good_2023-02-27-08.30-1-356.jpg,2023,2,27,8.30,47,24,46,19,216,8,14,a_Good
901,Bengaluru,BENGR_Good_2023-02-27-08.30-1-36.jpg,2023,2,27,8.30,47,24,46,19,216,8,14,a_Good
902,Bengaluru,BENGR_Good_2023-02-27-08.30-1-361.jpg,2023,2,27,8.30,47,24,46,19,216,8,14,a_Good
903,Bengaluru,BENGR_Good_2023-02-27-08.30-1-366.jpg,2023,2,27,8.30,47,24,46,19,216,8,14,a_Good
904,Bengaluru,BENGR_Good_2023-02-27-08.30-1-371.jpg,2023,2,27,8.30,47,24,46,19,216,8,14,a_Good
905,Bengaluru,BENGR_Good_2023-02-27-08.30-1-376.jpg,2023,2,27,8.30,47,24,46,19,216,8,14,a_Good
906,Bengaluru,BENGR_Good_2023-02-27-08.30-1-381.jpg,2023,2,27,8.30,47,24,46,19,216,8,14,a_Good
907,Bengaluru,BENGR_Good_2023-02-27-08.30-1-386.jpg,2023,2,27,8.30,47,24,46,19,216,8,14,a_Good
908,Bengaluru,BENGR_Good_2023-02-27-08.30-1-391.jpg,2023,2,27,8.30,47,24,46,19,216,8,14,a_Good
909,Bengaluru,BENGR_Good_2023-02-27-08.30-1-396.jpg,2023,2,27,8.30,47,24,46,19,216,8,14,a_Good
910,Bengaluru,BENGR_Good_2023-02-27-08.30-1-401.jpg,2023,2,27,8.30,47,24,46,19,216,8,14,a_Good
911,Bengaluru,BENGR_Good_2023-02-27-08.30-1-406.jpg,2023,2,27,8.30,47,24,46,19,216,8,14,a_Good
912,Bengaluru,BENGR_Good_2023-02-27-08.30-1-41.jpg,2023,2,27,8.30,47,24,46,19,216,8,14,a_Good
913,Bengaluru,BENGR_Good_2023-02-27-08.30-1-411.jpg,2023,2,27,8.30,47,24,46,19,216,8,14,a_Good
914,Bengaluru,BENGR_Good_2023-02-27-08.30-1-416.jpg,2023,2,27,8.30,47,24,46,19,216,8,14,a_Good
915,Bengaluru,BENGR_Good_2023-02-27-08.30-1-421.jpg,2023,2,27,8.30,47,24,46,19,216,8,14,a_Good
916,Bengaluru,BENGR_Good_2023-02-27-08.30-1-426.jpg,2023,2,27,8.30,47,24,46,19,216,8,14,a_Good
917,Bengaluru,BENGR_Good_2023-02-27-08.30-1-431.jpg,2023,2,27,8.30,47,24,46,19,216,8,14,a_Good
918,Bengaluru,BENGR_Good_2023-02-27-08.30-1-436.jpg,2023,2,27,8.30,47,24,46,19,216,8,14,a_Good
919,Bengaluru,BENGR_Good_2023-02-27-08.30-1-441.jpg,2023,2,27,8.30,47,24,46,19,216,8,14,a_Good
920,Bengaluru,BENGR_Good_2023-02-27-08.30-1-446.jpg,2023,2,27,8.30,47,24,46,19,216,8,14,a_Good
921,Bengaluru,BENGR_Good_2023-02-27-08.30-1-451.jpg,2023,2,27,8.30,47,24,46,19,216,8,14,a_Good
922,Bengaluru,BENGR_Good_2023-02-27-08.30-1-456.jpg,2023,2,27,8.30,47,24,46,19,216,8,14,a_Good
923,Bengaluru,BENGR_Good_2023-02-27-08.30-1-46.jpg,2023,2,27,8.30,47,24,46,19,216,8,14,a_Good
924,Bengaluru,BENGR_Good_2023-02-27-08.30-1-461.jpg,2023,2,27,8.30,47,24,46,19,216,8,14,a_Good
925,Bengaluru,BENGR_Good_2023-02-27-08.30-1-466.jpg,2023,2,27,8.30,47,24,46,19,216,8,14,a_Good
926,Bengaluru,BENGR_Good_2023-02-27-08.30-1-471.jpg,2023,2,27,8.30,47,24,46,19,216,8,14,a_Good
927,Bengaluru,BENGR_Good_2023-02-27-08.30-1-51.jpg,2023,2,27,8.30,47,24,46,19,216,8,14,a_Good
928,Bengaluru,BENGR_Good_2023-02-27-08.30-1-56.jpg,2023,2,27,8.30,47,24,46,19,216,8,14,a_Good
929,Bengaluru,BENGR_Good_2023-02-27-08.30-1-6.jpg,2023,2,27,8.30,47,24,46,19,216,8,14,a_Good
930,Bengaluru,BENGR_Good_2023-02-27-08.30-1-61.jpg,2023,2,27,8.30,47,24,46,19,216,8,14,a_Good
931,Bengaluru,BENGR_Good_2023-02-27-08.30-1-66.jpg,2023,2,27,8.30,47,24,46,19,216,8,14,a_Good
932,Bengaluru,BENGR_Good_2023-02-27-08.30-1-71.jpg,2023,2,27,8.30,47,24,46,19,216,8,14,a_Good
933,Bengaluru,BENGR_Good_2023-02-27-08.30-1-76.jpg,2023,2,27,8.30,47,24,46,19,216,8,14,a_Good
934,Bengaluru,BENGR_Good_2023-02-27-08.30-1-81.jpg,2023,2,27,8.30,47,24,46,19,216,8,14,a_Good
935,Bengaluru,BENGR_Good_2023-02-27-08.30-1-86.jpg,2023,2,27,8.30,47,24,46,19,216,8,14,a_Good
936,Bengaluru,BENGR_Good_2023-02-27-08.30-1-91.jpg,2023,2,27,8.30,47,24,46,19,216,8,14,a_Good
937,Bengaluru,BENGR_Good_2023-02-27-08.30-1-96.jpg,2023,2,27,8.30,47,24,46,19,216,8,14,a_Good
938,Bengaluru,BENGR_Good_2023-02-28-08.30-1-1.jpg,2023,2,28,8.30,37,19,37,18,272,11,21,a_Good
939,Bengaluru,BENGR_Good_2023-02-28-08.30-1-101.jpg,2023,2,28,8.30,37,19,37,18,272,11,21,a_Good
940,Bengaluru,BENGR_Good_2023-02-28-08.30-1-106.jpg,2023,2,28,8.30,37,19,37,18,272,11,21,a_Good
941,Bengaluru,BENGR_Good_2023-02-28-08.30-1-11.jpg,2023,2,28,8.30,37,19,37,18,272,11,21,a_Good
942,Bengaluru,BENGR_Good_2023-02-28-08.30-1-111.jpg,2023,2,28,8.30,37,19,37,18,272,11,21,a_Good
943,Bengaluru,BENGR_Good_2023-02-28-08.30-1-116.jpg,2023,2,28,8.30,37,19,37,18,272,11,21,a_Good
944,Bengaluru,BENGR_Good_2023-02-28-08.30-1-121.jpg,2023,2,28,8.30,37,19,37,18,272,11,21,a_Good
945,Bengaluru,BENGR_Good_2023-02-28-08.30-1-126.jpg,2023,2,28,8.30,37,19,37,18,272,11,21,a_Good
946,Bengaluru,BENGR_Good_2023-02-28-08.30-1-131.jpg,2023,2,28,8.30,37,19,37,18,272,11,21,a_Good
947,Bengaluru,BENGR_Good_2023-02-28-08.30-1-136.jpg,2023,2,28,8.30,37,19,37,18,272,11,21,a_Good
948,Bengaluru,BENGR_Good_2023-02-28-08.30-1-141.jpg,2023,2,28,8.30,37,19,37,18,272,11,21,a_Good
949,Bengaluru,BENGR_Good_2023-02-28-08.30-1-146.jpg,2023,2,28,8.30,37,19,37,18,272,11,21,a_Good
950,Bengaluru,BENGR_Good_2023-02-28-08.30-1-151.jpg,2023,2,28,8.30,37,19,37,18,272,11,21,a_Good
951,Bengaluru,BENGR_Good_2023-02-28-08.30-1-156.jpg,2023,2,28,8.30,37,19,37,18,272,11,21,a_Good
952,Bengaluru,BENGR_Good_2023-02-28-08.30-1-16.jpg,2023,2,28,8.30,37,19,37,18,272,11,21,a_Good
953,Bengaluru,BENGR_Good_2023-02-28-08.30-1-161.jpg,2023,2,28,8.30,37,19,37,18,272,11,21,a_Good
954,Bengaluru,BENGR_Good_2023-02-28-08.30-1-166.jpg,2023,2,28,8.30,37,19,37,18,272,11,21,a_Good
955,Bengaluru,BENGR_Good_2023-02-28-08.30-1-171.jpg,2023,2,28,8.30,37,19,37,18,272,11,21,a_Good
956,Bengaluru,BENGR_Good_2023-02-28-08.30-1-176.jpg,2023,2,28,8.30,37,19,37,18,272,11,21,a_Good
957,Bengaluru,BENGR_Good_2023-02-28-08.30-1-181.jpg,2023,2,28,8.30,37,19,37,18,272,11,21,a_Good
958,Bengaluru,BENGR_Good_2023-02-28-08.30-1-186.jpg,2023,2,28,8.30,37,19,37,18,272,11,21,a_Good
959,Bengaluru,BENGR_Good_2023-02-28-08.30-1-191.jpg,2023,2,28,8.30,37,19,37,18,272,11,21,a_Good
960,Bengaluru,BENGR_Good_2023-02-28-08.30-1-196.jpg,2023,2,28,8.30,37,19,37,18,272,11,21,a_Good
961,Bengaluru,BENGR_Good_2023-02-28-08.30-1-201.jpg,2023,2,28,8.30,37,19,37,18,272,11,21,a_Good
962,Bengaluru,BENGR_Good_2023-02-28-08.30-1-206.jpg,2023,2,28,8.30,37,19,37,18,272,11,21,a_Good
963,Bengaluru,BENGR_Good_2023-02-28-08.30-1-21.jpg,2023,2,28,8.30,37,19,37,18,272,11,21,a_Good
964,Bengaluru,BENGR_Good_2023-02-28-08.30-1-211.jpg,2023,2,28,8.30,37,19,37,18,272,11,21,a_Good
965,Bengaluru,BENGR_Good_2023-02-28-08.30-1-216.jpg,2023,2,28,8.30,37,19,37,18,272,11,21,a_Good
966,Bengaluru,BENGR_Good_2023-02-28-08.30-1-221.jpg,2023,2,28,8.30,37,19,37,18,272,11,21,a_Good
967,Bengaluru,BENGR_Good_2023-02-28-08.30-1-226.jpg,2023,2,28,8.30,37,19,37,18,272,11,21,a_Good
968,Bengaluru,BENGR_Good_2023-02-28-08.30-1-231.jpg,2023,2,28,8.30,37,19,37,18,272,11,21,a_Good
969,Bengaluru,BENGR_Good_2023-02-28-08.30-1-236.jpg,2023,2,28,8.30,37,19,37,18,272,11,21,a_Good
970,Bengaluru,BENGR_Good_2023-02-28-08.30-1-241.jpg,2023,2,28,8.30,37,19,37,18,272,11,21,a_Good
971,Bengaluru,BENGR_Good_2023-02-28-08.30-1-246.jpg,2023,2,28,8.30,37,19,37,18,272,11,21,a_Good
972,Bengaluru,BENGR_Good_2023-02-28-08.30-1-251.jpg,2023,2,28,8.30,37,19,37,18,272,11,21,a_Good
973,Bengaluru,BENGR_Good_2023-02-28-08.30-1-256.jpg,2023,2,28,8.30,37,19,37,18,272,11,21,a_Good
974,Bengaluru,BENGR_Good_2023-02-28-08.30-1-26.jpg,2023,2,28,8.30,37,19,37,18,272,11,21,a_Good
975,Bengaluru,BENGR_Good_2023-02-28-08.30-1-261.jpg,2023,2,28,8.30,37,19,37,18,272,11,21,a_Good
976,Bengaluru,BENGR_Good_2023-02-28-08.30-1-266.jpg,2023,2,28,8.30,37,19,37,18,272,11,21,a_Good
977,Bengaluru,BENGR_Good_2023-02-28-08.30-1-271.jpg,2023,2,28,8.30,37,19,37,18,272,11,21,a_Good
978,Bengaluru,BENGR_Good_2023-02-28-08.30-1-276.jpg,2023,2,28,8.30,37,19,37,18,272,11,21,a_Good
979,Bengaluru,BENGR_Good_2023-02-28-08.30-1-281.jpg,2023,2,28,8.30,37,19,37,18,272,11,21,a_Good
980,Bengaluru,BENGR_Good_2023-02-28-08.30-1-286.jpg,2023,2,28,8.30,37,19,37,18,272,11,21,a_Good
981,Bengaluru,BENGR_Good_2023-02-28-08.30-1-291.jpg,2023,2,28,8.30,37,19,37,18,272,11,21,a_Good
982,Bengaluru,BENGR_Good_2023-02-28-08.30-1-296.jpg,2023,2,28,8.30,37,19,37,18,272,11,21,a_Good
983,Bengaluru,BENGR_Good_2023-02-28-08.30-1-301.jpg,2023,2,28,8.30,37,19,37,18,272,11,21,a_Good
984,Bengaluru,BENGR_Good_2023-02-28-08.30-1-306.jpg,2023,2,28,8.30,37,19,37,18,272,11,21,a_Good
985,Bengaluru,BENGR_Good_2023-02-28-08.30-1-31.jpg,2023,2,28,8.30,37,19,37,18,272,11,21,a_Good
986,Bengaluru,BENGR_Good_2023-02-28-08.30-1-311.jpg,2023,2,28,8.30,37,19,37,18,272,11,21,a_Good
987,Bengaluru,BENGR_Good_2023-02-28-08.30-1-316.jpg,2023,2,28,8.30,37,19,37,18,272,11,21,a_Good
988,Bengaluru,BENGR_Good_2023-02-28-08.30-1-321.jpg,2023,2,28,8.30,37,19,37,18,272,11,21,a_Good
989,Bengaluru,BENGR_Good_2023-02-28-08.30-1-326.jpg,2023,2,28,8.30,37,19,37,18,272,11,21,a_Good
990,Bengaluru,BENGR_Good_2023-02-28-08.30-1-331.jpg,2023,2,28,8.30,37,19,37,18,272,11,21,a_Good
991,Bengaluru,BENGR_Good_2023-02-28-08.30-1-336.jpg,2023,2,28,8.30,37,19,37,18,272,11,21,a_Good
992,Bengaluru,BENGR_Good_2023-02-28-08.30-1-341.jpg,2023,2,28,8.30,37,19,37,18,272,11,21,a_Good
993,Bengaluru,BENGR_Good_2023-02-28-08.30-1-346.jpg,2023,2,28,8.30,37,19,37,18,272,11,21,a_Good
994,Bengaluru,BENGR_Good_2023-02-28-08.30-1-351.jpg,2023,2,28,8.30,37,19,37,18,272,11,21,a_Good
995,Bengaluru,BENGR_Good_2023-02-28-08.30-1-356.jpg,2023,2,28,8.30,37,19,37,18,272,11,21,a_Good
996,Bengaluru,BENGR_Good_2023-02-28-08.30-1-36.jpg,2023,2,28,8.30,37,19,37,18,272,11,21,a_Good
997,Bengaluru,BENGR_Good_2023-02-28-08.30-1-361.jpg,2023,2,28,8.30,37,19,37,18,272,11,21,a_Good
998,Bengaluru,BENGR_Good_2023-02-28-08.30-1-366.jpg,2023,2,28,8.30,37,19,37,18,272,11,21,a_Good
999,Bengaluru,BENGR_Good_2023-02-28-08.30-1-371.jpg,2023,2,28,8.30,37,19,37,18,272,11,21,a_Good
1000,Bengaluru,BENGR_Good_2023-02-28-08.30-1-376.jpg,2023,2,28,8.30,37,19,37,18,272,11,21,a_Good
1001,Bengaluru,BENGR_Good_2023-02-28-08.30-1-381.jpg,2023,2,28,8.30,37,19,37,18,272,11,21,a_Good
1002,Bengaluru,BENGR_Good_2023-02-28-08.30-1-386.jpg,2023,2,28,8.30,37,19,37,18,272,11,21,a_Good
1003,Bengaluru,BENGR_Good_2023-02-28-08.30-1-391.jpg,2023,2,28,8.30,37,19,37,18,272,11,21,a_Good
1004,Bengaluru,BENGR_Good_2023-02-28-08.30-1-396.jpg,2023,2,28,8.30,37,19,37,18,272,11,21,a_Good
1005,Bengaluru,BENGR_Good_2023-02-28-08.30-1-401.jpg,2023,2,28,8.30,37,19,37,18,272,11,21,a_Good
1006,Bengaluru,BENGR_Good_2023-02-28-08.30-1-406.jpg,2023,2,28,8.30,37,19,37,18,272,11,21,a_Good
1007,Bengaluru,BENGR_Good_2023-02-28-08.30-1-41.jpg,2023,2,28,8.30,37,19,37,18,272,11,21,a_Good
1008,Bengaluru,BENGR_Good_2023-02-28-08.30-1-411.jpg,2023,2,28,8.30,37,19,37,18,272,11,21,a_Good
1009,Bengaluru,BENGR_Good_2023-02-28-08.30-1-416.jpg,2023,2,28,8.30,37,19,37,18,272,11,21,a_Good
1010,Bengaluru,BENGR_Good_2023-02-28-08.30-1-421.jpg,2023,2,28,8.30,37,19,37,18,272,11,21,a_Good
1011,Bengaluru,BENGR_Good_2023-02-28-08.30-1-426.jpg,2023,2,28,8.30,37,19,37,18,272,11,21,a_Good
1012,Bengaluru,BENGR_Good_2023-02-28-08.30-1-431.jpg,2023,2,28,8.30,37,19,37,18,272,11,21,a_Good
1013,Bengaluru,BENGR_Good_2023-02-28-08.30-1-436.jpg,2023,2,28,8.30,37,19,37,18,272,11,21,a_Good
1014,Bengaluru,BENGR_Good_2023-02-28-08.30-1-441.jpg,2023,2,28,8.30,37,19,37,18,272,11,21,a_Good
1015,Bengaluru,BENGR_Good_2023-02-28-08.30-1-446.jpg,2023,2,28,8.30,37,19,37,18,272,11,21,a_Good
1016,Bengaluru,BENGR_Good_2023-02-28-08.30-1-451.jpg,2023,2,28,8.30,37,19,37,18,272,11,21,a_Good
1017,Bengaluru,BENGR_Good_2023-02-28-08.30-1-456.jpg,2023,2,28,8.30,37,19,37,18,272,11,21,a_Good
1018,Bengaluru,BENGR_Good_2023-02-28-08.30-1-46.jpg,2023,2,28,8.30,37,19,37,18,272,11,21,a_Good
1019,Bengaluru,BENGR_Good_2023-02-28-08.30-1-461.jpg,2023,2,28,8.30,37,19,37,18,272,11,21,a_Good
1020,Bengaluru,BENGR_Good_2023-02-28-08.30-1-466.jpg,2023,2,28,8.30,37,19,37,18,272,11,21,a_Good
1021,Bengaluru,BENGR_Good_2023-02-28-08.30-1-471.jpg,2023,2,28,8.30,37,19,37,18,272,11,21,a_Good
1022,Bengaluru,BENGR_Good_2023-02-28-08.30-1-476.jpg,2023,2,28,8.30,37,19,37,18,272,11,21,a_Good
1023,Bengaluru,BENGR_Good_2023-02-28-08.30-1-481.jpg,2023,2,28,8.30,37,19,37,18,272,11,21,a_Good
1024,Bengaluru,BENGR_Good_2023-02-28-08.30-1-486.jpg,2023,2,28,8.30,37,19,37,18,272,11,21,a_Good
1025,Bengaluru,BENGR_Good_2023-02-28-08.30-1-491.jpg,2023,2,28,8.30,37,19,37,18,272,11,21,a_Good
1026,Bengaluru,BENGR_Good_2023-02-28-08.30-1-496.jpg,2023,2,28,8.30,37,19,37,18,272,11,21,a_Good
1027,Bengaluru,BENGR_Good_2023-02-28-08.30-1-501.jpg,2023,2,28,8.30,37,19,37,18,272,11,21,a_Good
1028,Bengaluru,BENGR_Good_2023-02-28-08.30-1-506.jpg,2023,2,28,8.30,37,19,37,18,272,11,21,a_Good
1029,Bengaluru,BENGR_Good_2023-02-28-08.30-1-51.jpg,2023,2,28,8.30,37,19,37,18,272,11,21,a_Good
1030,Bengaluru,BENGR_Good_2023-02-28-08.30-1-511.jpg,2023,2,28,8.30,37,19,37,18,272,11,21,a_Good
1031,Bengaluru,BENGR_Good_2023-02-28-08.30-1-516.jpg,2023,2,28,8.30,37,19,37,18,272,11,21,a_Good
1032,Bengaluru,BENGR_Good_2023-02-28-08.30-1-521.jpg,2023,2,28,8.30,37,19,37,18,272,11,21,a_Good
1033,Bengaluru,BENGR_Good_2023-02-28-08.30-1-526.jpg,2023,2,28,8.30,37,19,37,18,272,11,21,a_Good
1034,Bengaluru,BENGR_Good_2023-02-28-08.30-1-531.jpg,2023,2,28,8.30,37,19,37,18,272,11,21,a_Good
1035,Bengaluru,BENGR_Good_2023-02-28-08.30-1-536.jpg,2023,2,28,8.30,37,19,37,18,272,11,21,a_Good
1036,Bengaluru,BENGR_Good_2023-02-28-08.30-1-541.jpg,2023,2,28,8.30,37,19,37,18,272,11,21,a_Good
1037,Bengaluru,BENGR_Good_2023-02-28-08.30-1-546.jpg,2023,2,28,8.30,37,19,37,18,272,11,21,a_Good
1038,Bengaluru,BENGR_Good_2023-02-28-08.30-1-551.jpg,2023,2,28,8.30,37,19,37,18,272,11,21,a_Good
1039,Bengaluru,BENGR_Good_2023-02-28-08.30-1-556.jpg,2023,2,28,8.30,37,19,37,18,272,11,21,a_Good
1040,Bengaluru,BENGR_Good_2023-02-28-08.30-1-56.jpg,2023,2,28,8.30,37,19,37,18,272,11,21,a_Good
1041,Bengaluru,BENGR_Good_2023-02-28-08.30-1-561.jpg,2023,2,28,8.30,37,19,37,18,272,11,21,a_Good
1042,Bengaluru,BENGR_Good_2023-02-28-08.30-1-566.jpg,2023,2,28,8.30,37,19,37,18,272,11,21,a_Good
1043,Bengaluru,BENGR_Good_2023-02-28-08.30-1-571.jpg,2023,2,28,8.30,37,19,37,18,272,11,21,a_Good
1044,Bengaluru,BENGR_Good_2023-02-28-08.30-1-576.jpg,2023,2,28,8.30,37,19,37,18,272,11,21,a_Good
1045,Bengaluru,BENGR_Good_2023-02-28-08.30-1-581.jpg,2023,2,28,8.30,37,19,37,18,272,11,21,a_Good
1046,Bengaluru,BENGR_Good_2023-02-28-08.30-1-586.jpg,2023,2,28,8.30,37,19,37,18,272,11,21,a_Good
1047,Bengaluru,BENGR_Good_2023-02-28-08.30-1-591.jpg,2023,2,28,8.30,37,19,37,18,272,11,21,a_Good
1048,Bengaluru,BENGR_Good_2023-02-28-08.30-1-596.jpg,2023,2,28,8.30,37,19,37,18,272,11,21,a_Good
1049,Bengaluru,BENGR_Good_2023-02-28-08.30-1-6.jpg,2023,2,28,8.30,37,19,37,18,272,11,21,a_Good
1050,Bengaluru,BENGR_Good_2023-02-28-08.30-1-601.jpg,2023,2,28,8.30,37,19,37,18,272,11,21,a_Good
1051,Bengaluru,BENGR_Good_2023-02-28-08.30-1-606.jpg,2023,2,28,8.30,37,19,37,18,272,11,21,a_Good
1052,Bengaluru,BENGR_Good_2023-02-28-08.30-1-61.jpg,2023,2,28,8.30,37,19,37,18,272,11,21,a_Good
1053,Bengaluru,BENGR_Good_2023-02-28-08.30-1-611.jpg,2023,2,28,8.30,37,19,37,18,272,11,21,a_Good
1054,Bengaluru,BENGR_Good_2023-02-28-08.30-1-616.jpg,2023,2,28,8.30,37,19,37,18,272,11,21,a_Good
1055,Bengaluru,BENGR_Good_2023-02-28-08.30-1-621.jpg,2023,2,28,8.30,37,19,37,18,272,11,21,a_Good
1056,Bengaluru,BENGR_Good_2023-02-28-08.30-1-626.jpg,2023,2,28,8.30,37,19,37,18,272,11,21,a_Good
1057,Bengaluru,BENGR_Good_2023-02-28-08.30-1-631.jpg,2023,2,28,8.30,37,19,37,18,272,11,21,a_Good
1058,Bengaluru,BENGR_Good_2023-02-28-08.30-1-636.jpg,2023,2,28,8.30,37,19,37,18,272,11,21,a_Good
1059,Bengaluru,BENGR_Good_2023-02-28-08.30-1-641.jpg,2023,2,28,8.30,37,19,37,18,272,11,21,a_Good
1060,Bengaluru,BENGR_Good_2023-02-28-08.30-1-646.jpg,2023,2,28,8.30,37,19,37,18,272,11,21,a_Good
1061,Bengaluru,BENGR_Good_2023-02-28-08.30-1-651.jpg,2023,2,28,8.30,37,19,37,18,272,11,21,a_Good
1062,Bengaluru,BENGR_Good_2023-02-28-08.30-1-656.jpg,2023,2,28,8.30,37,19,37,18,272,11,21,a_Good
1063,Bengaluru,BENGR_Good_2023-02-28-08.30-1-66.jpg,2023,2,28,8.30,37,19,37,18,272,11,21,a_Good
1064,Bengaluru,BENGR_Good_2023-02-28-08.30-1-661.jpg,2023,2,28,8.30,37,19,37,18,272,11,21,a_Good
1065,Bengaluru,BENGR_Good_2023-02-28-08.30-1-666.jpg,2023,2,28,8.30,37,19,37,18,272,11,21,a_Good
1066,Bengaluru,BENGR_Good_2023-02-28-08.30-1-671.jpg,2023,2,28,8.30,37,19,37,18,272,11,21,a_Good
1067,Bengaluru,BENGR_Good_2023-02-28-08.30-1-676.jpg,2023,2,28,8.30,37,19,37,18,272,11,21,a_Good
1068,Bengaluru,BENGR_Good_2023-02-28-08.30-1-71.jpg,2023,2,28,8.30,37,19,37,18,272,11,21,a_Good
1069,Bengaluru,BENGR_Good_2023-02-28-08.30-1-76.jpg,2023,2,28,8.30,37,19,37,18,272,11,21,a_Good
1070,Bengaluru,BENGR_Good_2023-02-28-08.30-1-81.jpg,2023,2,28,8.30,37,19,37,18,272,11,21,a_Good
1071,Bengaluru,BENGR_Good_2023-02-28-08.30-1-86.jpg,2023,2,28,8.30,37,19,37,18,272,11,21,a_Good
1072,Bengaluru,BENGR_Good_2023-02-28-08.30-1-91.jpg,2023,2,28,8.30,37,19,37,18,272,11,21,a_Good
1073,Bengaluru,BENGR_Good_2023-02-28-08.30-1-96.jpg,2023,2,28,8.30,37,19,37,18,272,11,21,a_Good
1673,Bengaluru,BENGR_Good_2023-03-17-08.30-1-1.jpg,2023,3,17,8.30,15,4,7,37,288,10,10,a_Good
1674,Bengaluru,BENGR_Good_2023-03-17-08.30-1-106.jpg,2023,3,17,8.30,15,4,7,37,288,10,10,a_Good
1675,Bengaluru,BENGR_Good_2023-03-17-08.30-1-113.jpg,2023,3,17,8.30,15,4,7,37,288,10,10,a_Good
1676,Bengaluru,BENGR_Good_2023-03-17-08.30-1-120.jpg,2023,3,17,8.30,15,4,7,37,288,10,10,a_Good
1677,Bengaluru,BENGR_Good_2023-03-17-08.30-1-127.jpg,2023,3,17,8.30,15,4,7,37,288,10,10,a_Good
1678,Bengaluru,BENGR_Good_2023-03-17-08.30-1-134.jpg,2023,3,17,8.30,15,4,7,37,288,10,10,a_Good
1679,Bengaluru,BENGR_Good_2023-03-17-08.30-1-141.jpg,2023,3,17,8.30,15,4,7,37,288,10,10,a_Good
1680,Bengaluru,BENGR_Good_2023-03-17-08.30-1-148.jpg,2023,3,17,8.30,15,4,7,37,288,10,10,a_Good
1681,Bengaluru,BENGR_Good_2023-03-17-08.30-1-15.jpg,2023,3,17,8.30,15,4,7,37,288,10,10,a_Good
1682,Bengaluru,BENGR_Good_2023-03-17-08.30-1-155.jpg,2023,3,17,8.30,15,4,7,37,288,10,10,a_Good
1683,Bengaluru,BENGR_Good_2023-03-17-08.30-1-162.jpg,2023,3,17,8.30,15,4,7,37,288,10,10,a_Good
1684,Bengaluru,BENGR_Good_2023-03-17-08.30-1-169.jpg,2023,3,17,8.30,15,4,7,37,288,10,10,a_Good
1685,Bengaluru,BENGR_Good_2023-03-17-08.30-1-176.jpg,2023,3,17,8.30,15,4,7,37,288,10,10,a_Good
1686,Bengaluru,BENGR_Good_2023-03-17-08.30-1-183.jpg,2023,3,17,8.30,15,4,7,37,288,10,10,a_Good
1687,Bengaluru,BENGR_Good_2023-03-17-08.30-1-190.jpg,2023,3,17,8.30,15,4,7,37,288,10,10,a_Good
1688,Bengaluru,BENGR_Good_2023-03-17-08.30-1-197.jpg,2023,3,17,8.30,15,4,7,37,288,10,10,a_Good
1689,Bengaluru,BENGR_Good_2023-03-17-08.30-1-204.jpg,2023,3,17,8.30,15,4,7,37,288,10,10,a_Good
1690,Bengaluru,BENGR_Good_2023-03-17-08.30-1-211.jpg,2023,3,17,8.30,15,4,7,37,288,10,10,a_Good
1691,Bengaluru,BENGR_Good_2023-03-17-08.30-1-218.jpg,2023,3,17,8.30,15,4,7,37,288,10,10,a_Good
1692,Bengaluru,BENGR_Good_2023-03-17-08.30-1-22.jpg,2023,3,17,8.30,15,4,7,37,288,10,10,a_Good
1693,Bengaluru,BENGR_Good_2023-03-17-08.30-1-225.jpg,2023,3,17,8.30,15,4,7,37,288,10,10,a_Good
1694,Bengaluru,BENGR_Good_2023-03-17-08.30-1-232.jpg,2023,3,17,8.30,15,4,7,37,288,10,10,a_Good
1695,Bengaluru,BENGR_Good_2023-03-17-08.30-1-239.jpg,2023,3,17,8.30,15,4,7,37,288,10,10,a_Good
1696,Bengaluru,BENGR_Good_2023-03-17-08.30-1-246.jpg,2023,3,17,8.30,15,4,7,37,288,10,10,a_Good
1697,Bengaluru,BENGR_Good_2023-03-17-08.30-1-253.jpg,2023,3,17,8.30,15,4,7,37,288,10,10,a_Good
1698,Bengaluru,BENGR_Good_2023-03-17-08.30-1-260.jpg,2023,3,17,8.30,15,4,7,37,288,10,10,a_Good
1699,Bengaluru,BENGR_Good_2023-03-17-08.30-1-267.jpg,2023,3,17,8.30,15,4,7,37,288,10,10,a_Good
1700,Bengaluru,BENGR_Good_2023-03-17-08.30-1-274.jpg,2023,3,17,8.30,15,4,7,37,288,10,10,a_Good
1701,Bengaluru,BENGR_Good_2023-03-17-08.30-1-281.jpg,2023,3,17,8.30,15,4,7,37,288,10,10,a_Good
1702,Bengaluru,BENGR_Good_2023-03-17-08.30-1-288.jpg,2023,3,17,8.30,15,4,7,37,288,10,10,a_Good
1703,Bengaluru,BENGR_Good_2023-03-17-08.30-1-29.jpg,2023,3,17,8.30,15,4,7,37,288,10,10,a_Good
1704,Bengaluru,BENGR_Good_2023-03-17-08.30-1-295.jpg,2023,3,17,8.30,15,4,7,37,288,10,10,a_Good
1705,Bengaluru,BENGR_Good_2023-03-17-08.30-1-302.jpg,2023,3,17,8.30,15,4,7,37,288,10,10,a_Good
1706,Bengaluru,BENGR_Good_2023-03-17-08.30-1-309.jpg,2023,3,17,8.30,15,4,7,37,288,10,10,a_Good
1707,Bengaluru,BENGR_Good_2023-03-17-08.30-1-316.jpg,2023,3,17,8.30,15,4,7,37,288,10,10,a_Good
1708,Bengaluru,BENGR_Good_2023-03-17-08.30-1-323.jpg,2023,3,17,8.30,15,4,7,37,288,10,10,a_Good
1709,Bengaluru,BENGR_Good_2023-03-17-08.30-1-330.jpg,2023,3,17,8.30,15,4,7,37,288,10,10,a_Good
1710,Bengaluru,BENGR_Good_2023-03-17-08.30-1-337.jpg,2023,3,17,8.30,15,4,7,37,288,10,10,a_Good
1711,Bengaluru,BENGR_Good_2023-03-17-08.30-1-344.jpg,2023,3,17,8.30,15,4,7,37,288,10,10,a_Good
1712,Bengaluru,BENGR_Good_2023-03-17-08.30-1-351.jpg,2023,3,17,8.30,15,4,7,37,288,10,10,a_Good
1713,Bengaluru,BENGR_Good_2023-03-17-08.30-1-358.jpg,2023,3,17,8.30,15,4,7,37,288,10,10,a_Good
1714,Bengaluru,BENGR_Good_2023-03-17-08.30-1-36.jpg,2023,3,17,8.30,15,4,7,37,288,10,10,a_Good
1715,Bengaluru,BENGR_Good_2023-03-17-08.30-1-365.jpg,2023,3,17,8.30,15,4,7,37,288,10,10,a_Good
1716,Bengaluru,BENGR_Good_2023-03-17-08.30-1-372.jpg,2023,3,17,8.30,15,4,7,37,288,10,10,a_Good
1717,Bengaluru,BENGR_Good_2023-03-17-08.30-1-379.jpg,2023,3,17,8.30,15,4,7,37,288,10,10,a_Good
1718,Bengaluru,BENGR_Good_2023-03-17-08.30-1-386.jpg,2023,3,17,8.30,15,4,7,37,288,10,10,a_Good
1719,Bengaluru,BENGR_Good_2023-03-17-08.30-1-393.jpg,2023,3,17,8.30,15,4,7,37,288,10,10,a_Good
1720,Bengaluru,BENGR_Good_2023-03-17-08.30-1-400.jpg,2023,3,17,8.30,15,4,7,37,288,10,10,a_Good
1721,Bengaluru,BENGR_Good_2023-03-17-08.30-1-407.jpg,2023,3,17,8.30,15,4,7,37,288,10,10,a_Good
1722,Bengaluru,BENGR_Good_2023-03-17-08.30-1-414.jpg,2023,3,17,8.30,15,4,7,37,288,10,10,a_Good
1723,Bengaluru,BENGR_Good_2023-03-17-08.30-1-421.jpg,2023,3,17,8.30,15,4,7,37,288,10,10,a_Good
1724,Bengaluru,BENGR_Good_2023-03-17-08.30-1-428.jpg,2023,3,17,8.30,15,4,7,37,288,10,10,a_Good
1725,Bengaluru,BENGR_Good_2023-03-17-08.30-1-43.jpg,2023,3,17,8.30,15,4,7,37,288,10,10,a_Good
1726,Bengaluru,BENGR_Good_2023-03-17-08.30-1-435.jpg,2023,3,17,8.30,15,4,7,37,288,10,10,a_Good
1727,Bengaluru,BENGR_Good_2023-03-17-08.30-1-442.jpg,2023,3,17,8.30,15,4,7,37,288,10,10,a_Good
1728,Bengaluru,BENGR_Good_2023-03-17-08.30-1-449.jpg,2023,3,17,8.30,15,4,7,37,288,10,10,a_Good
1729,Bengaluru,BENGR_Good_2023-03-17-08.30-1-456.jpg,2023,3,17,8.30,15,4,7,37,288,10,10,a_Good
1730,Bengaluru,BENGR_Good_2023-03-17-08.30-1-463.jpg,2023,3,17,8.30,15,4,7,37,288,10,10,a_Good
1731,Bengaluru,BENGR_Good_2023-03-17-08.30-1-470.jpg,2023,3,17,8.30,15,4,7,37,288,10,10,a_Good
1732,Bengaluru,BENGR_Good_2023-03-17-08.30-1-477.jpg,2023,3,17,8.30,15,4,7,37,288,10,10,a_Good
1733,Bengaluru,BENGR_Good_2023-03-17-08.30-1-484.jpg,2023,3,17,8.30,15,4,7,37,288,10,10,a_Good
1734,Bengaluru,BENGR_Good_2023-03-17-08.30-1-491.jpg,2023,3,17,8.30,15,4,7,37,288,10,10,a_Good
1735,Bengaluru,BENGR_Good_2023-03-17-08.30-1-498.jpg,2023,3,17,8.30,15,4,7,37,288,10,10,a_Good
1736,Bengaluru,BENGR_Good_2023-03-17-08.30-1-50.jpg,2023,3,17,8.30,15,4,7,37,288,10,10,a_Good
1737,Bengaluru,BENGR_Good_2023-03-17-08.30-1-505.jpg,2023,3,17,8.30,15,4,7,37,288,10,10,a_Good
1738,Bengaluru,BENGR_Good_2023-03-17-08.30-1-512.jpg,2023,3,17,8.30,15,4,7,37,288,10,10,a_Good
1739,Bengaluru,BENGR_Good_2023-03-17-08.30-1-519.jpg,2023,3,17,8.30,15,4,7,37,288,10,10,a_Good
1740,Bengaluru,BENGR_Good_2023-03-17-08.30-1-526.jpg,2023,3,17,8.30,15,4,7,37,288,10,10,a_Good
1741,Bengaluru,BENGR_Good_2023-03-17-08.30-1-533.jpg,2023,3,17,8.30,15,4,7,37,288,10,10,a_Good
1742,Bengaluru,BENGR_Good_2023-03-17-08.30-1-540.jpg,2023,3,17,8.30,15,4,7,37,288,10,10,a_Good
1743,Bengaluru,BENGR_Good_2023-03-17-08.30-1-547.jpg,2023,3,17,8.30,15,4,7,37,288,10,10,a_Good
1744,Bengaluru,BENGR_Good_2023-03-17-08.30-1-554.jpg,2023,3,17,8.30,15,4,7,37,288,10,10,a_Good
1745,Bengaluru,BENGR_Good_2023-03-17-08.30-1-561.jpg,2023,3,17,8.30,15,4,7,37,288,10,10,a_Good
1746,Bengaluru,BENGR_Good_2023-03-17-08.30-1-568.jpg,2023,3,17,8.30,15,4,7,37,288,10,10,a_Good
1747,Bengaluru,BENGR_Good_2023-03-17-08.30-1-57.jpg,2023,3,17,8.30,15,4,7,37,288,10,10,a_Good
1748,Bengaluru,BENGR_Good_2023-03-17-08.30-1-575.jpg,2023,3,17,8.30,15,4,7,37,288,10,10,a_Good
1749,Bengaluru,BENGR_Good_2023-03-17-08.30-1-582.jpg,2023,3,17,8.30,15,4,7,37,288,10,10,a_Good
1750,Bengaluru,BENGR_Good_2023-03-17-08.30-1-589.jpg,2023,3,17,8.30,15,4,7,37,288,10,10,a_Good
1751,Bengaluru,BENGR_Good_2023-03-17-08.30-1-64.jpg,2023,3,17,8.30,15,4,7,37,288,10,10,a_Good
1752,Bengaluru,BENGR_Good_2023-03-17-08.30-1-71.jpg,2023,3,17,8.30,15,4,7,37,288,10,10,a_Good
1753,Bengaluru,BENGR_Good_2023-03-17-08.30-1-78.jpg,2023,3,17,8.30,15,4,7,37,288,10,10,a_Good
1754,Bengaluru,BENGR_Good_2023-03-17-08.30-1-8.jpg,2023,3,17,8.30,15,4,7,37,288,10,10,a_Good
1755,Bengaluru,BENGR_Good_2023-03-17-08.30-1-85.jpg,2023,3,17,8.30,15,4,7,37,288,10,10,a_Good
1756,Bengaluru,BENGR_Good_2023-03-17-08.30-1-92.jpg,2023,3,17,8.30,15,4,7,37,288,10,10,a_Good
1757,Bengaluru,BENGR_Good_2023-03-17-08.30-1-99.jpg,2023,3,17,8.30,15,4,7,37,288,10,10,a_Good
1758,Bengaluru,BENGR_Good_2023-03-21-08.30-1-1.jpg,2023,3,21,8.30,47,22,47,17,271,3,17,a_Good
1759,Bengaluru,BENGR_Good_2023-03-21-08.30-1-106.jpg,2023,3,21,8.30,47,22,47,17,271,3,17,a_Good
1760,Bengaluru,BENGR_Good_2023-03-21-08.30-1-113.jpg,2023,3,21,8.30,47,22,47,17,271,3,17,a_Good
1761,Bengaluru,BENGR_Good_2023-03-21-08.30-1-120.jpg,2023,3,21,8.30,47,22,47,17,271,3,17,a_Good
1762,Bengaluru,BENGR_Good_2023-03-21-08.30-1-127.jpg,2023,3,21,8.30,47,22,47,17,271,3,17,a_Good
1763,Bengaluru,BENGR_Good_2023-03-21-08.30-1-134.jpg,2023,3,21,8.30,47,22,47,17,271,3,17,a_Good
1764,Bengaluru,BENGR_Good_2023-03-21-08.30-1-141.jpg,2023,3,21,8.30,47,22,47,17,271,3,17,a_Good
1765,Bengaluru,BENGR_Good_2023-03-21-08.30-1-148.jpg,2023,3,21,8.30,47,22,47,17,271,3,17,a_Good
1766,Bengaluru,BENGR_Good_2023-03-21-08.30-1-15.jpg,2023,3,21,8.30,47,22,47,17,271,3,17,a_Good
1767,Bengaluru,BENGR_Good_2023-03-21-08.30-1-155.jpg,2023,3,21,8.30,47,22,47,17,271,3,17,a_Good
1768,Bengaluru,BENGR_Good_2023-03-21-08.30-1-162.jpg,2023,3,21,8.30,47,22,47,17,271,3,17,a_Good
1769,Bengaluru,BENGR_Good_2023-03-21-08.30-1-169.jpg,2023,3,21,8.30,47,22,47,17,271,3,17,a_Good
1770,Bengaluru,BENGR_Good_2023-03-21-08.30-1-176.jpg,2023,3,21,8.30,47,22,47,17,271,3,17,a_Good
1771,Bengaluru,BENGR_Good_2023-03-21-08.30-1-183.jpg,2023,3,21,8.30,47,22,47,17,271,3,17,a_Good
1772,Bengaluru,BENGR_Good_2023-03-21-08.30-1-190.jpg,2023,3,21,8.30,47,22,47,17,271,3,17,a_Good
1773,Bengaluru,BENGR_Good_2023-03-21-08.30-1-197.jpg,2023,3,21,8.30,47,22,47,17,271,3,17,a_Good
1774,Bengaluru,BENGR_Good_2023-03-21-08.30-1-204.jpg,2023,3,21,8.30,47,22,47,17,271,3,17,a_Good
1775,Bengaluru,BENGR_Good_2023-03-21-08.30-1-211.jpg,2023,3,21,8.30,47,22,47,17,271,3,17,a_Good
1776,Bengaluru,BENGR_Good_2023-03-21-08.30-1-218.jpg,2023,3,21,8.30,47,22,47,17,271,3,17,a_Good
1777,Bengaluru,BENGR_Good_2023-03-21-08.30-1-22.jpg,2023,3,21,8.30,47,22,47,17,271,3,17,a_Good
1778,Bengaluru,BENGR_Good_2023-03-21-08.30-1-225.jpg,2023,3,21,8.30,47,22,47,17,271,3,17,a_Good
1779,Bengaluru,BENGR_Good_2023-03-21-08.30-1-232.jpg,2023,3,21,8.30,47,22,47,17,271,3,17,a_Good
1780,Bengaluru,BENGR_Good_2023-03-21-08.30-1-239.jpg,2023,3,21,8.30,47,22,47,17,271,3,17,a_Good
1781,Bengaluru,BENGR_Good_2023-03-21-08.30-1-246.jpg,2023,3,21,8.30,47,22,47,17,271,3,17,a_Good
1782,Bengaluru,BENGR_Good_2023-03-21-08.30-1-253.jpg,2023,3,21,8.30,47,22,47,17,271,3,17,a_Good
1783,Bengaluru,BENGR_Good_2023-03-21-08.30-1-260.jpg,2023,3,21,8.30,47,22,47,17,271,3,17,a_Good
1784,Bengaluru,BENGR_Good_2023-03-21-08.30-1-267.jpg,2023,3,21,8.30,47,22,47,17,271,3,17,a_Good
1785,Bengaluru,BENGR_Good_2023-03-21-08.30-1-274.jpg,2023,3,21,8.30,47,22,47,17,271,3,17,a_Good
1786,Bengaluru,BENGR_Good_2023-03-21-08.30-1-281.jpg,2023,3,21,8.30,47,22,47,17,271,3,17,a_Good
1787,Bengaluru,BENGR_Good_2023-03-21-08.30-1-288.jpg,2023,3,21,8.30,47,22,47,17,271,3,17,a_Good
1788,Bengaluru,BENGR_Good_2023-03-21-08.30-1-29.jpg,2023,3,21,8.30,47,22,47,17,271,3,17,a_Good
1789,Bengaluru,BENGR_Good_2023-03-21-08.30-1-295.jpg,2023,3,21,8.30,47,22,47,17,271,3,17,a_Good
1790,Bengaluru,BENGR_Good_2023-03-21-08.30-1-302.jpg,2023,3,21,8.30,47,22,47,17,271,3,17,a_Good
1791,Bengaluru,BENGR_Good_2023-03-21-08.30-1-309.jpg,2023,3,21,8.30,47,22,47,17,271,3,17,a_Good
1792,Bengaluru,BENGR_Good_2023-03-21-08.30-1-316.jpg,2023,3,21,8.30,47,22,47,17,271,3,17,a_Good
1793,Bengaluru,BENGR_Good_2023-03-21-08.30-1-323.jpg,2023,3,21,8.30,47,22,47,17,271,3,17,a_Good
1794,Bengaluru,BENGR_Good_2023-03-21-08.30-1-330.jpg,2023,3,21,8.30,47,22,47,17,271,3,17,a_Good
1795,Bengaluru,BENGR_Good_2023-03-21-08.30-1-337.jpg,2023,3,21,8.30,47,22,47,17,271,3,17,a_Good
1796,Bengaluru,BENGR_Good_2023-03-21-08.30-1-344.jpg,2023,3,21,8.30,47,22,47,17,271,3,17,a_Good
1797,Bengaluru,BENGR_Good_2023-03-21-08.30-1-351.jpg,2023,3,21,8.30,47,22,47,17,271,3,17,a_Good
1798,Bengaluru,BENGR_Good_2023-03-21-08.30-1-358.jpg,2023,3,21,8.30,47,22,47,17,271,3,17,a_Good
1799,Bengaluru,BENGR_Good_2023-03-21-08.30-1-36.jpg,2023,3,21,8.30,47,22,47,17,271,3,17,a_Good
1800,Bengaluru,BENGR_Good_2023-03-21-08.30-1-365.jpg,2023,3,21,8.30,47,22,47,17,271,3,17,a_Good
1801,Bengaluru,BENGR_Good_2023-03-21-08.30-1-372.jpg,2023,3,21,8.30,47,22,47,17,271,3,17,a_Good
1802,Bengaluru,BENGR_Good_2023-03-21-08.30-1-379.jpg,2023,3,21,8.30,47,22,47,17,271,3,17,a_Good
1803,Bengaluru,BENGR_Good_2023-03-21-08.30-1-386.jpg,2023,3,21,8.30,47,22,47,17,271,3,17,a_Good
1804,Bengaluru,BENGR_Good_2023-03-21-08.30-1-393.jpg,2023,3,21,8.30,47,22,47,17,271,3,17,a_Good
1805,Bengaluru,BENGR_Good_2023-03-21-08.30-1-400.jpg,2023,3,21,8.30,47,22,47,17,271,3,17,a_Good
1806,Bengaluru,BENGR_Good_2023-03-21-08.30-1-407.jpg,2023,3,21,8.30,47,22,47,17,271,3,17,a_Good
1807,Bengaluru,BENGR_Good_2023-03-21-08.30-1-414.jpg,2023,3,21,8.30,47,22,47,17,271,3,17,a_Good
1808,Bengaluru,BENGR_Good_2023-03-21-08.30-1-421.jpg,2023,3,21,8.30,47,22,47,17,271,3,17,a_Good
1809,Bengaluru,BENGR_Good_2023-03-21-08.30-1-428.jpg,2023,3,21,8.30,47,22,47,17,271,3,17,a_Good
1810,Bengaluru,BENGR_Good_2023-03-21-08.30-1-43.jpg,2023,3,21,8.30,47,22,47,17,271,3,17,a_Good
1811,Bengaluru,BENGR_Good_2023-03-21-08.30-1-435.jpg,2023,3,21,8.30,47,22,47,17,271,3,17,a_Good
1812,Bengaluru,BENGR_Good_2023-03-21-08.30-1-442.jpg,2023,3,21,8.30,47,22,47,17,271,3,17,a_Good
1813,Bengaluru,BENGR_Good_2023-03-21-08.30-1-449.jpg,2023,3,21,8.30,47,22,47,17,271,3,17,a_Good
1814,Bengaluru,BENGR_Good_2023-03-21-08.30-1-456.jpg,2023,3,21,8.30,47,22,47,17,271,3,17,a_Good
1815,Bengaluru,BENGR_Good_2023-03-21-08.30-1-463.jpg,2023,3,21,8.30,47,22,47,17,271,3,17,a_Good
1816,Bengaluru,BENGR_Good_2023-03-21-08.30-1-470.jpg,2023,3,21,8.30,47,22,47,17,271,3,17,a_Good
1817,Bengaluru,BENGR_Good_2023-03-21-08.30-1-477.jpg,2023,3,21,8.30,47,22,47,17,271,3,17,a_Good
1818,Bengaluru,BENGR_Good_2023-03-21-08.30-1-484.jpg,2023,3,21,8.30,47,22,47,17,271,3,17,a_Good
1819,Bengaluru,BENGR_Good_2023-03-21-08.30-1-491.jpg,2023,3,21,8.30,47,22,47,17,271,3,17,a_Good
1820,Bengaluru,BENGR_Good_2023-03-21-08.30-1-498.jpg,2023,3,21,8.30,47,22,47,17,271,3,17,a_Good
1821,Bengaluru,BENGR_Good_2023-03-21-08.30-1-50.jpg,2023,3,21,8.30,47,22,47,17,271,3,17,a_Good
1822,Bengaluru,BENGR_Good_2023-03-21-08.30-1-505.jpg,2023,3,21,8.30,47,22,47,17,271,3,17,a_Good
1823,Bengaluru,BENGR_Good_2023-03-21-08.30-1-512.jpg,2023,3,21,8.30,47,22,47,17,271,3,17,a_Good
1824,Bengaluru,BENGR_Good_2023-03-21-08.30-1-519.jpg,2023,3,21,8.30,47,22,47,17,271,3,17,a_Good
1825,Bengaluru,BENGR_Good_2023-03-21-08.30-1-526.jpg,2023,3,21,8.30,47,22,47,17,271,3,17,a_Good
1826,Bengaluru,BENGR_Good_2023-03-21-08.30-1-533.jpg,2023,3,21,8.30,47,22,47,17,271,3,17,a_Good
1827,Bengaluru,BENGR_Good_2023-03-21-08.30-1-540.jpg,2023,3,21,8.30,47,22,47,17,271,3,17,a_Good
1828,Bengaluru,BENGR_Good_2023-03-21-08.30-1-547.jpg,2023,3,21,8.30,47,22,47,17,271,3,17,a_Good
1829,Bengaluru,BENGR_Good_2023-03-21-08.30-1-554.jpg,2023,3,21,8.30,47,22,47,17,271,3,17,a_Good
1830,Bengaluru,BENGR_Good_2023-03-21-08.30-1-561.jpg,2023,3,21,8.30,47,22,47,17,271,3,17,a_Good
1831,Bengaluru,BENGR_Good_2023-03-21-08.30-1-57.jpg,2023,3,21,8.30,47,22,47,17,271,3,17,a_Good
1832,Bengaluru,BENGR_Good_2023-03-21-08.30-1-64.jpg,2023,3,21,8.30,47,22,47,17,271,3,17,a_Good
1833,Bengaluru,BENGR_Good_2023-03-21-08.30-1-71.jpg,2023,3,21,8.30,47,22,47,17,271,3,17,a_Good
1834,Bengaluru,BENGR_Good_2023-03-21-08.30-1-78.jpg,2023,3,21,8.30,47,22,47,17,271,3,17,a_Good
1835,Bengaluru,BENGR_Good_2023-03-21-08.30-1-8.jpg,2023,3,21,8.30,47,22,47,17,271,3,17,a_Good
1836,Bengaluru,BENGR_Good_2023-03-21-08.30-1-85.jpg,2023,3,21,8.30,47,22,47,17,271,3,17,a_Good
1837,Bengaluru,BENGR_Good_2023-03-21-08.30-1-92.jpg,2023,3,21,8.30,47,22,47,17,271,3,17,a_Good
1838,Bengaluru,BENGR_Good_2023-03-21-08.30-1-99.jpg,2023,3,21,8.30,47,22,47,17,271,3,17,a_Good
1839,Bengaluru,BENGR_Good_2023-03-25-08.30-1-1.jpg,2023,3,25,8.30,32,13,32,31,219,10,20,a_Good
1840,Bengaluru,BENGR_Good_2023-03-25-08.30-1-10.jpg,2023,3,25,8.30,32,13,32,31,219,10,20,a_Good
1841,Bengaluru,BENGR_Good_2023-03-25-08.30-1-11.jpg,2023,3,25,8.30,32,13,32,31,219,10,20,a_Good
1842,Bengaluru,BENGR_Good_2023-03-25-08.30-1-12.jpg,2023,3,25,8.30,32,13,32,31,219,10,20,a_Good
1843,Bengaluru,BENGR_Good_2023-03-25-08.30-1-13.jpg,2023,3,25,8.30,32,13,32,31,219,10,20,a_Good
1844,Bengaluru,BENGR_Good_2023-03-25-08.30-1-14.jpg,2023,3,25,8.30,32,13,32,31,219,10,20,a_Good
1845,Bengaluru,BENGR_Good_2023-03-25-08.30-1-15.jpg,2023,3,25,8.30,32,13,32,31,219,10,20,a_Good
1846,Bengaluru,BENGR_Good_2023-03-25-08.30-1-16.jpg,2023,3,25,8.30,32,13,32,31,219,10,20,a_Good
1847,Bengaluru,BENGR_Good_2023-03-25-08.30-1-17.jpg,2023,3,25,8.30,32,13,32,31,219,10,20,a_Good
1848,Bengaluru,BENGR_Good_2023-03-25-08.30-1-18.jpg,2023,3,25,8.30,32,13,32,31,219,10,20,a_Good
1849,Bengaluru,BENGR_Good_2023-03-25-08.30-1-19.jpg,2023,3,25,8.30,32,13,32,31,219,10,20,a_Good
1850,Bengaluru,BENGR_Good_2023-03-25-08.30-1-2.jpg,2023,3,25,8.30,32,13,32,31,219,10,20,a_Good
1851,Bengaluru,BENGR_Good_2023-03-25-08.30-1-20.jpg,2023,3,25,8.30,32,13,32,31,219,10,20,a_Good
1852,Bengaluru,BENGR_Good_2023-03-25-08.30-1-21.jpg,2023,3,25,8.30,32,13,32,31,219,10,20,a_Good
1853,Bengaluru,BENGR_Good_2023-03-25-08.30-1-22.jpg,2023,3,25,8.30,32,13,32,31,219,10,20,a_Good
1854,Bengaluru,BENGR_Good_2023-03-25-08.30-1-23.jpg,2023,3,25,8.30,32,13,32,31,219,10,20,a_Good
1855,Bengaluru,BENGR_Good_2023-03-25-08.30-1-24.jpg,2023,3,25,8.30,32,13,32,31,219,10,20,a_Good
1856,Bengaluru,BENGR_Good_2023-03-25-08.30-1-25.jpg,2023,3,25,8.30,32,13,32,31,219,10,20,a_Good
1857,Bengaluru,BENGR_Good_2023-03-25-08.30-1-26.jpg,2023,3,25,8.30,32,13,32,31,219,10,20,a_Good
1858,Bengaluru,BENGR_Good_2023-03-25-08.30-1-27.jpg,2023,3,25,8.30,32,13,32,31,219,10,20,a_Good
1859,Bengaluru,BENGR_Good_2023-03-25-08.30-1-28.jpg,2023,3,25,8.30,32,13,32,31,219,10,20,a_Good
1860,Bengaluru,BENGR_Good_2023-03-25-08.30-1-29.jpg,2023,3,25,8.30,32,13,32,31,219,10,20,a_Good
1861,Bengaluru,BENGR_Good_2023-03-25-08.30-1-3.jpg,2023,3,25,8.30,32,13,32,31,219,10,20,a_Good
1862,Bengaluru,BENGR_Good_2023-03-25-08.30-1-30.jpg,2023,3,25,8.30,32,13,32,31,219,10,20,a_Good
1863,Bengaluru,BENGR_Good_2023-03-25-08.30-1-31.jpg,2023,3,25,8.30,32,13,32,31,219,10,20,a_Good
1864,Bengaluru,BENGR_Good_2023-03-25-08.30-1-32.jpg,2023,3,25,8.30,32,13,32,31,219,10,20,a_Good
1865,Bengaluru,BENGR_Good_2023-03-25-08.30-1-33.jpg,2023,3,25,8.30,32,13,32,31,219,10,20,a_Good
1866,Bengaluru,BENGR_Good_2023-03-25-08.30-1-34.jpg,2023,3,25,8.30,32,13,32,31,219,10,20,a_Good
1867,Bengaluru,BENGR_Good_2023-03-25-08.30-1-35.jpg,2023,3,25,8.30,32,13,32,31,219,10,20,a_Good
1868,Bengaluru,BENGR_Good_2023-03-25-08.30-1-36.jpg,2023,3,25,8.30,32,13,32,31,219,10,20,a_Good
1869,Bengaluru,BENGR_Good_2023-03-25-08.30-1-37.jpg,2023,3,25,8.30,32,13,32,31,219,10,20,a_Good
1870,Bengaluru,BENGR_Good_2023-03-25-08.30-1-38.jpg,2023,3,25,8.30,32,13,32,31,219,10,20,a_Good
1871,Bengaluru,BENGR_Good_2023-03-25-08.30-1-39.jpg,2023,3,25,8.30,32,13,32,31,219,10,20,a_Good
1872,Bengaluru,BENGR_Good_2023-03-25-08.30-1-4.jpg,2023,3,25,8.30,32,13,32,31,219,10,20,a_Good
1873,Bengaluru,BENGR_Good_2023-03-25-08.30-1-40.jpg,2023,3,25,8.30,32,13,32,31,219,10,20,a_Good
1874,Bengaluru,BENGR_Good_2023-03-25-08.30-1-41.jpg,2023,3,25,8.30,32,13,32,31,219,10,20,a_Good
1875,Bengaluru,BENGR_Good_2023-03-25-08.30-1-42.jpg,2023,3,25,8.30,32,13,32,31,219,10,20,a_Good
1876,Bengaluru,BENGR_Good_2023-03-25-08.30-1-43.jpg,2023,3,25,8.30,32,13,32,31,219,10,20,a_Good
1877,Bengaluru,BENGR_Good_2023-03-25-08.30-1-44.jpg,2023,3,25,8.30,32,13,32,31,219,10,20,a_Good
1878,Bengaluru,BENGR_Good_2023-03-25-08.30-1-45.jpg,2023,3,25,8.30,32,13,32,31,219,10,20,a_Good
1879,Bengaluru,BENGR_Good_2023-03-25-08.30-1-46.jpg,2023,3,25,8.30,32,13,32,31,219,10,20,a_Good
1880,Bengaluru,BENGR_Good_2023-03-25-08.30-1-47.jpg,2023,3,25,8.30,32,13,32,31,219,10,20,a_Good
1881,Bengaluru,BENGR_Good_2023-03-25-08.30-1-48.jpg,2023,3,25,8.30,32,13,32,31,219,10,20,a_Good
1882,Bengaluru,BENGR_Good_2023-03-25-08.30-1-49.jpg,2023,3,25,8.30,32,13,32,31,219,10,20,a_Good
1883,Bengaluru,BENGR_Good_2023-03-25-08.30-1-5.jpg,2023,3,25,8.30,32,13,32,31,219,10,20,a_Good
1884,Bengaluru,BENGR_Good_2023-03-25-08.30-1-50.jpg,2023,3,25,8.30,32,13,32,31,219,10,20,a_Good
1885,Bengaluru,BENGR_Good_2023-03-25-08.30-1-51.jpg,2023,3,25,8.30,32,13,32,31,219,10,20,a_Good
1886,Bengaluru,BENGR_Good_2023-03-25-08.30-1-52.jpg,2023,3,25,8.30,32,13,32,31,219,10,20,a_Good
1887,Bengaluru,BENGR_Good_2023-03-25-08.30-1-53.jpg,2023,3,25,8.30,32,13,32,31,219,10,20,a_Good
1888,Bengaluru,BENGR_Good_2023-03-25-08.30-1-54.jpg,2023,3,25,8.30,32,13,32,31,219,10,20,a_Good
1889,Bengaluru,BENGR_Good_2023-03-25-08.30-1-55.jpg,2023,3,25,8.30,32,13,32,31,219,10,20,a_Good
1890,Bengaluru,BENGR_Good_2023-03-25-08.30-1-56.jpg,2023,3,25,8.30,32,13,32,31,219,10,20,a_Good
1891,Bengaluru,BENGR_Good_2023-03-25-08.30-1-57.jpg,2023,3,25,8.30,32,13,32,31,219,10,20,a_Good
1892,Bengaluru,BENGR_Good_2023-03-25-08.30-1-58.jpg,2023,3,25,8.30,32,13,32,31,219,10,20,a_Good
1893,Bengaluru,BENGR_Good_2023-03-25-08.30-1-59.jpg,2023,3,25,8.30,32,13,32,31,219,10,20,a_Good
1894,Bengaluru,BENGR_Good_2023-03-25-08.30-1-6.jpg,2023,3,25,8.30,32,13,32,31,219,10,20,a_Good
1895,Bengaluru,BENGR_Good_2023-03-25-08.30-1-60.jpg,2023,3,25,8.30,32,13,32,31,219,10,20,a_Good
1896,Bengaluru,BENGR_Good_2023-03-25-08.30-1-61.jpg,2023,3,25,8.30,32,13,32,31,219,10,20,a_Good
1897,Bengaluru,BENGR_Good_2023-03-25-08.30-1-62.jpg,2023,3,25,8.30,32,13,32,31,219,10,20,a_Good
1898,Bengaluru,BENGR_Good_2023-03-25-08.30-1-63.jpg,2023,3,25,8.30,32,13,32,31,219,10,20,a_Good
1899,Bengaluru,BENGR_Good_2023-03-25-08.30-1-64.jpg,2023,3,25,8.30,32,13,32,31,219,10,20,a_Good
1900,Bengaluru,BENGR_Good_2023-03-25-08.30-1-65.jpg,2023,3,25,8.30,32,13,32,31,219,10,20,a_Good
1901,Bengaluru,BENGR_Good_2023-03-25-08.30-1-66.jpg,2023,3,25,8.30,32,13,32,31,219,10,20,a_Good
1902,Bengaluru,BENGR_Good_2023-03-25-08.30-1-67.jpg,2023,3,25,8.30,32,13,32,31,219,10,20,a_Good
1903,Bengaluru,BENGR_Good_2023-03-25-08.30-1-68.jpg,2023,3,25,8.30,32,13,32,31,219,10,20,a_Good
1904,Bengaluru,BENGR_Good_2023-03-25-08.30-1-69.jpg,2023,3,25,8.30,32,13,32,31,219,10,20,a_Good
1905,Bengaluru,BENGR_Good_2023-03-25-08.30-1-7.jpg,2023,3,25,8.30,32,13,32,31,219,10,20,a_Good
1906,Bengaluru,BENGR_Good_2023-03-25-08.30-1-70.jpg,2023,3,25,8.30,32,13,32,31,219,10,20,a_Good
1907,Bengaluru,BENGR_Good_2023-03-25-08.30-1-71.jpg,2023,3,25,8.30,32,13,32,31,219,10,20,a_Good
1908,Bengaluru,BENGR_Good_2023-03-25-08.30-1-72.jpg,2023,3,25,8.30,32,13,32,31,219,10,20,a_Good
1909,Bengaluru,BENGR_Good_2023-03-25-08.30-1-73.jpg,2023,3,25,8.30,32,13,32,31,219,10,20,a_Good
1910,Bengaluru,BENGR_Good_2023-03-25-08.30-1-74.jpg,2023,3,25,8.30,32,13,32,31,219,10,20,a_Good
1911,Bengaluru,BENGR_Good_2023-03-25-08.30-1-75.jpg,2023,3,25,8.30,32,13,32,31,219,10,20,a_Good
1912,Bengaluru,BENGR_Good_2023-03-25-08.30-1-76.jpg,2023,3,25,8.30,32,13,32,31,219,10,20,a_Good
1913,Bengaluru,BENGR_Good_2023-03-25-08.30-1-77.jpg,2023,3,25,8.30,32,13,32,31,219,10,20,a_Good
1914,Bengaluru,BENGR_Good_2023-03-25-08.30-1-78.jpg,2023,3,25,8.30,32,13,32,31,219,10,20,a_Good
1915,Bengaluru,BENGR_Good_2023-03-25-08.30-1-79.jpg,2023,3,25,8.30,32,13,32,31,219,10,20,a_Good
1916,Bengaluru,BENGR_Good_2023-03-25-08.30-1-8.jpg,2023,3,25,8.30,32,13,32,31,219,10,20,a_Good
1917,Bengaluru,BENGR_Good_2023-03-25-08.30-1-80.jpg,2023,3,25,8.30,32,13,32,31,219,10,20,a_Good
1918,Bengaluru,BENGR_Good_2023-03-25-08.30-1-81.jpg,2023,3,25,8.30,32,13,32,31,219,10,20,a_Good
1919,Bengaluru,BENGR_Good_2023-03-25-08.30-1-82.jpg,2023,3,25,8.30,32,13,32,31,219,10,20,a_Good
1920,Bengaluru,BENGR_Good_2023-03-25-08.30-1-83.jpg,2023,3,25,8.30,32,13,32,31,219,10,20,a_Good
1921,Bengaluru,BENGR_Good_2023-03-25-08.30-1-84.jpg,2023,3,25,8.30,32,13,32,31,219,10,20,a_Good
1922,Bengaluru,BENGR_Good_2023-03-25-08.30-1-85.jpg,2023,3,25,8.30,32,13,32,31,219,10,20,a_Good
1923,Bengaluru,BENGR_Good_2023-03-25-08.30-1-86.jpg,2023,3,25,8.30,32,13,32,31,219,10,20,a_Good
1924,Bengaluru,BENGR_Good_2023-03-25-08.30-1-87.jpg,2023,3,25,8.30,32,13,32,31,219,10,20,a_Good
1925,Bengaluru,BENGR_Good_2023-03-25-08.30-1-9.jpg,2023,3,25,8.30,32,13,32,31,219,10,20,a_Good
