lat,lon,HTAPv3_1_International_Shipping,HTAPv3_2_1_Domestic_Aviation,HTAPv3_2_2_International_Aviation,HTAPv3_3_Energy,HTAPv3_4_1_Industry,HTAPv3_4_2_Fugitive,HTAPv3_4_3_Solvents,HTAPv3_5_1_Road_Transport,HTAPv3_5_2_Brake_and_Tyre_wear,HTAPv3_5_3_Domestic_shipping,HTAPv3_5_4_Other_ground_transport,HTAPv3_6_Residential,HTAPv3_7_Waste,HTAPv3_8_1_Agricultural_waste_burning,HTAPv3_8_2_Agriculture_livestock,HTAPv3_8_3_Agriculture_crops,total_pm10_emissions
12.55,77.05,0.0,0.03994055464863777,0.0,17.003803253173828,46.609798431396484,10.42423152923584,0.0013819740852341056,16.35170555114746,1.1863068342208862,0.0,0.33333253860473633,119.69872283935547,0.000481263647088781,19.73517608642578,2.034264326095581,2.0691449642181396,235.48829014625517
12.55,77.15,0.0,0.0,0.0,17.003803253173828,46.609798431396484,10.42423152923584,0.00023087882436811924,16.35170555114746,0.0,0.0,0.33333253860473633,119.69872283935547,7.373578409897164e-05,8.312384605407715,5.009099960327148,0.5427197813987732,224.28610310465592
12.55,77.25,0.0,0.008557655848562717,0.0,17.97719383239746,49.27799987792969,11.02097225189209,1.5367560990853235e-05,15.804357528686523,0.6308296918869019,0.0,0.35241425037384033,107.96414184570312,1.0591188583930489e-05,6.396402359008789,4.894800186157227,0.44564908742904663,214.77334452606283
12.55,77.35,0.0,0.01107139140367508,0.0,18.95058250427246,51.94620132446289,11.617712020874023,0.00011811958393082023,15.256999969482422,0.0,0.0,0.3714959919452667,96.22954559326172,5.015303395339288e-05,7.664414405822754,3.9765841960906982,0.4833233058452606,206.50809897607905
12.55,77.45,0.0,0.03937487676739693,0.05727432295680046,18.95058250427246,51.94620132446289,11.617712020874023,0.001831269939430058,15.256999969482422,1.2477740049362183,0.0,0.3714959919452667,96.22954559326172,0.0005644535413011909,7.969361305236816,4.768464088439941,0.5138593316078186,208.9710410577245
12.55,77.55,0.0,0.04427088424563408,0.003065328346565366,19.46356773376465,53.35236358642578,11.932198524475098,6.322154149529524e-06,23.673044204711914,0.621699333190918,0.0,0.38155221939086914,137.01431274414062,4.9299960664939135e-06,3.885464906692505,2.051975965499878,0.2469383180141449,252.6704650010488
12.55,77.65,0.0,0.013701961375772953,0.0012771361507475376,19.46356773376465,53.35236358642578,11.932198524475098,0.00011682993499562144,23.673044204711914,1.5371019840240479,0.0,0.38155221939086914,137.01431274414062,3.8276761188171804e-05,6.5148138999938965,1.342775821685791,0.6764737963676453,255.90333871920302
12.55,77.75,0.0,0.007842048071324825,0.00571994436904788,26.965421676635742,73.91600036621094,16.531232833862305,0.0005020966054871678,23.123798370361328,2.0850000381469727,0.0,0.5286141633987427,169.2516632080078,0.00020974077051505446,8.992713928222656,1.626179814338684,0.9250891804695129,323.95998740947107
12.55,77.85,0.0,0.0,0.024319203570485115,34.4672737121582,94.47964477539062,21.130268096923828,0.00015149099635891616,22.574556350708008,0.7812996506690979,0.0,0.6756761074066162,201.48899841308594,7.728096534265205e-05,11.498758316040039,1.5888961553573608,1.1670233011245728,389.8769428543965
12.55,77.95,0.0,0.0,0.0029216043185442686,34.4672737121582,94.47964477539062,21.130268096923828,0.00047792421537451446,22.574556350708008,0.8521064519882202,0.0,0.6756761074066162,201.48899841308594,0.00023968680761754513,12.253763198852539,1.7798762321472168,1.2473677396774292,390.95317029368016
12.65,77.05,0.0,0.02388540469110012,0.0,17.003803253173828,46.609798431396484,10.42423152923584,0.0007783853798173368,16.35170555114746,1.5528010129928589,0.0,0.33333253860473633,119.69872283935547,0.0003432491794228554,7.481381893157959,2.792976140975952,0.44309717416763306,222.71685740345856
12.65,77.15,0.0,0.017655840143561363,0.0,17.003803253173828,46.609798431396484,10.42423152923584,0.00030169301317073405,16.35170555114746,0.8802879452705383,0.0,0.33333253860473633,119.69872283935547,0.00015410759078804404,7.501298427581787,5.6325836181640625,0.5133729577064514,224.96724873238418
12.65,77.25,0.0,0.01705103926360607,0.0,17.97719383239746,49.27799987792969,11.02097225189209,0.002011291915550828,15.804357528686523,1.0664607286453247,0.0,0.35241425037384033,107.96414184570312,0.000757258792873472,6.954543113708496,5.066495895385742,0.47494569420814514,215.97934460890247
12.65,77.35,0.0,0.01388832088559866,0.0030102122109383345,18.95058250427246,51.94620132446289,11.617712020874023,7.042903598630801e-05,15.256999969482422,1.0779495239257812,0.0,0.3714959919452667,96.22954559326172,2.8165557523607276e-05,9.009876251220703,4.541664123535156,0.5583750009536743,209.57739943162414
12.65,77.45,0.0,0.011448599398136139,0.028487762436270714,18.95058250427246,51.94620132446289,11.617712020874023,0.0003052820102311671,15.256999969482422,0.7244098782539368,0.0,0.3714959919452667,96.22954559326172,0.0002590811636764556,8.660524368286133,3.893988609313965,0.523481547832489,208.21544253299362
12.65,77.55,0.0,0.05446319654583931,0.03504551947116852,19.46356773376465,53.35236358642578,11.932198524475098,4.748836363432929e-05,23.673044204711914,0.9045012593269348,0.0,0.38155221939086914,137.01431274414062,2.354208118049428e-05,8.123893737792969,3.1062841415405273,0.4755917191505432,258.51688961718173
12.65,77.65,0.0,0.03143880143761635,0.0,19.46356773376465,53.35236358642578,11.932198524475098,2.0987239622627385e-05,23.673044204711914,1.1731852293014526,0.0,0.38155221939086914,137.01431274414062,1.6676998711773194e-05,5.131455898284912,1.455839991569519,0.28563621640205383,253.89463281414282
12.65,77.75,0.0,0.005588015541434288,0.02995164506137371,26.965421676635742,73.91600036621094,16.531232833862305,0.00032616357202641666,23.123798370361328,2.2951691150665283,0.0,0.5286141633987427,169.2516632080078,0.00021752157772425562,9.734070777893066,2.0279276371002197,1.0094746351242065,325.41945612941345
12.65,77.85,0.0,0.0,0.0029633042868226767,34.4672737121582,94.47964477539062,21.130268096923828,0.0004412229754962027,22.574556350708008,1.4925161600112915,0.0,0.6756761074066162,201.48899841308594,0.00022646998695563525,13.143606185913086,1.7898718118667603,1.3334550857543945,392.579497696468
12.65,77.95,0.0,0.0,0.0,34.4672737121582,94.47964477539062,21.130268096923828,0.0002578131970949471,22.574556350708008,0.9025470614433289,0.0,0.6756761074066162,201.48899841308594,0.0002521499991416931,12.89440631866455,1.9918440580368042,1.3158419132232666,391.9215667702374
12.75,77.05,0.0,0.022650478407740593,0.0,14.099530220031738,38.648780822753906,8.643757820129395,0.00013280379062052816,19.974224090576172,0.6140473484992981,0.0,0.2763988673686981,99.25402069091797,4.8428526497446e-05,9.3266019821167,1.4865241050720215,0.837857723236084,193.18457538142684
12.75,77.15,0.0,0.0,0.0027359400410205126,14.099530220031738,38.648780822753906,8.643757820129395,1.8340999304200523e-05,19.974224090576172,0.3495084047317505,0.0,0.2763988673686981,99.25402069091797,9.904309081321117e-06,7.509700298309326,3.844871759414673,0.46946558356285095,193.07302274314588
12.75,77.25,0.0,0.006721056532114744,0.0028261796105653048,16.347352981567383,70.32323455810547,10.021795272827148,0.0012078413274139166,24.626258850097656,2.3276889324188232,0.0,0.3204638957977295,105.78424072265625,0.0003738264786079526,6.957592964172363,5.767091751098633,0.49836498498916626,242.98521381767932
12.75,77.35,0.0,0.024138836190104485,0.0,18.59517478942871,101.99768829345703,11.39983081817627,0.00040005662594921887,29.278297424316406,0.9354192614555359,0.0,0.3645288944244385,112.3144760131836,0.00019321560102980584,8.524184226989746,4.739100456237793,0.5415017604827881,288.7149340465694
12.75,77.45,0.0,0.020167196169495583,0.0,18.59517478942871,101.99768829345703,11.39983081817627,0.0004578221996780485,29.278297424316406,0.5047688484191895,0.0,0.3645288944244385,112.3144760131836,0.00023990038607735187,9.028874397277832,3.490079641342163,0.5238174200057983,287.5184014587867
12.75,77.55,0.0,0.054336365312337875,0.05955277010798454,159.57192993164062,590.4860229492188,97.82604217529297,0.00044264720054343343,86.14263916015625,0.5148424506187439,0.0,3.1281535625457764,287.5871276855469,0.00014062919944990426,8.027276039123535,1.8887282609939575,0.48807239532470703,1235.7753070222825
12.75,77.65,0.0,0.050256114453077316,0.00307039194740355,159.57192993164062,590.4860229492188,97.82604217529297,0.0008275001891888678,86.14263916015625,2.0529141426086426,0.0,3.1281535625457764,287.5871276855469,0.0005384255782701075,6.28292179107666,3.8098556995391846,0.45503169298171997,1237.3973312227754
12.75,77.75,0.0,0.0,0.03045719861984253,97.53494262695312,343.8954162597656,59.794090270996094,0.000763787655159831,54.92375183105469,1.78174889087677,0.0,1.9120171070098877,238.53775024414062,0.0004362515464890748,8.45034122467041,3.2574236392974854,0.5578319430351257,810.6769712756213
12.75,77.85,0.0,0.0,0.0,35.497947692871094,97.30484771728516,21.76212501525879,0.0029330081306397915,23.704851150512695,1.3448891639709473,0.0,0.6958808302879333,189.48838806152344,0.0012617160100489855,12.745676040649414,1.5001801252365112,1.2863227128982544,385.3353032346349
12.75,77.95,0.0,0.0,0.0,35.497947692871094,97.30484771728516,21.76212501525879,0.00016632939514238387,23.704851150512695,0.7188383340835571,0.0,0.6958808302879333,189.48838806152344,0.00010862989438464865,12.682437896728516,2.120795965194702,1.3034193515777588,385.27980697461317
12.85,77.05,0.0,0.015551998279988766,0.0030419637914747,11.195253372192383,30.687761306762695,6.863284587860107,0.0002973147784359753,23.59674072265625,1.5051729679107666,0.0,0.21946515142917633,78.80928802490234,9.427930490346625e-05,8.743773460388184,0.6021252274513245,0.766891598701477,163.0087419764095
12.85,77.15,0.0,0.012171118520200253,0.0005777903716079891,11.195253372192383,30.687761306762695,6.863284587860107,3.9174279663711786e-05,23.59674072265625,1.6733978986740112,0.0,0.21946515142917633,78.80928802490234,1.9524239178281277e-05,8.808561325073242,3.355499505996704,0.5202623009681702,165.74232180392573
12.85,77.25,0.0,0.004296516068279743,0.0,14.717514038085938,91.36848449707031,9.022616386413574,5.31176647200482e-06,33.448158264160156,1.2516939640045166,0.0,0.2885134816169739,103.6043472290039,6.030479653418297e-06,8.423940658569336,5.9414520263671875,0.5748682022094727,268.6458966058158
12.85,77.35,0.0,0.0017673358088359237,0.0,18.239776611328125,152.0491943359375,11.1819486618042,0.00015135639114305377,43.29957962036133,0.8300849199295044,0.0,0.35756176710128784,128.39938354492188,5.547815817408264e-05,9.430715560913086,4.87883996963501,0.6630754470825195,369.3321346093726
12.85,77.45,0.0,0.012516840361058712,0.002927519613876939,18.239776611328125,152.0491943359375,11.1819486618042,9.918185241986066e-05,43.29957962036133,2.9551331996917725,0.0,0.35756176710128784,128.39938354492188,9.198972111335024e-05,8.019381523132324,4.095816612243652,0.5547240376472473,369.1681354457178
12.85,77.55,0.0,0.0184966791421175,0.024990001693367958,299.6803283691406,1127.6197509765625,183.71987915039062,0.00023136980598792434,148.6122283935547,5.705046653747559,0.0,5.874754905700684,438.1600036621094,0.0001882631768239662,8.174529075622559,3.5255041122436523,0.5450953841209412,2221.6610269970115
12.85,77.65,0.0,0.09895966202020645,0.06929665058851242,299.6803283691406,1127.6197509765625,183.71987915039062,0.0015443339943885803,148.6122283935547,6.330164909362793,0.0,5.874754905700684,438.1600036621094,0.0010552859166637063,8.70652961730957,3.1478402614593506,0.5652381181716919,2222.5875742962817
12.85,77.75,0.0,0.0,0.12129238247871399,168.10443115234375,613.875,103.05693817138672,0.00023908719595056027,86.72369384765625,1.918012022972107,0.0,3.2954201698303223,307.8238525390625,0.0002714411821216345,9.286285400390625,4.152383327484131,0.627845048904419,1298.9856645908876
12.85,77.85,0.0,0.0,0.20007599890232086,36.528621673583984,100.13005828857422,22.393983840942383,0.00011724369687726721,24.83514404296875,0.667392373085022,0.0,0.7160854339599609,177.48782348632812,4.7113800974329934e-05,10.86012077331543,3.0271799564361572,1.1524332761764526,377.99908350177066
12.85,77.95,0.0,0.0,0.19483081996440887,36.528621673583984,100.13005828857422,22.393983840942383,6.574272265424952e-05,24.83514404296875,1.0312734842300415,0.0,0.7160854339599609,177.48782348632812,2.503775613149628e-05,7.8605546951293945,2.5193042755126953,0.6461359262466431,374.3439067479194
12.95,77.05,0.0,0.024130316451191902,0.0,11.195253372192383,30.687761306762695,6.863284587860107,0.00012021730799460784,23.59674072265625,0.7297324538230896,0.0,0.21946515142917633,78.80928802490234,5.199203224037774e-05,9.052253723144531,0.8395799994468689,0.8090132474899292,162.8266751154988
12.95,77.15,0.0,0.03986483812332153,0.0,11.195253372192383,30.687761306762695,6.863284587860107,0.00015127939695958048,23.59674072265625,1.4892500638961792,0.0,0.21946515142917633,78.80928802490234,5.2287487051216885e-05,8.99272632598877,3.8873283863067627,0.5519620180130005,166.333128365015
12.95,77.25,0.0,0.02346000261604786,0.00250274408608675,14.717514038085938,91.36848449707031,9.022616386413574,0.0007144034025259316,33.448158264160156,1.622059941291809,0.0,0.2885134816169739,103.6043472290039,0.00026788917602971196,9.190919876098633,5.085239887237549,0.5905216932296753,268.9653203334892
12.95,77.35,0.0,0.019260719418525696,0.002953319577500224,18.239776611328125,152.0491943359375,11.1819486618042,4.395678115542978e-05,43.29957962036133,1.213911533355713,0.0,0.35756176710128784,128.39938354492188,1.7009400835377164e-05,9.642097473144531,4.885427474975586,0.595853328704834,369.887009356813
12.95,77.45,0.0,0.023990755900740623,0.0,18.239776611328125,152.0491943359375,11.1819486618042,0.000686170591507107,43.29957962036133,7.099312782287598,0.0,0.35756176710128784,128.39938354492188,0.0012020519934594631,9.903636932373047,4.62205171585083,0.6721644401550293,375.8504893906065
12.95,77.55,0.0,0.03887723758816719,0.12990839779376984,299.6803283691406,1127.6197509765625,183.71987915039062,0.020894281566143036,148.6122283935547,20.56787109375,0.0,5.874754905700684,438.1600036621094,0.012115079909563065,1.8707958459854126,0.5091432929039001,0.11512979120016098,2226.9316804781556
12.95,77.65,0.0,0.9606192111968994,1.7532001733779907,299.6803283691406,1127.6197509765625,183.71987915039062,0.006201486103236675,148.6122283935547,12.969769477844238,0.0,5.874754905700684,438.1600036621094,0.003493331605568528,1.4942920207977295,0.4990379512310028,0.09437074512243271,2221.4479298547376
12.95,77.75,0.0,0.09810169786214828,0.2507424056529999,168.10443115234375,613.875,103.05693817138672,0.0003285305865574628,86.72369384765625,6.131379127502441,0.0,3.2954201698303223,307.8238525390625,0.0002850575838238001,7.918750286102295,3.98331618309021,0.5426464676856995,1301.8048856363457
12.95,77.85,0.0,0.0723377987742424,0.053035806864500046,36.528621673583984,100.13005828857422,22.393983840942383,0.0003053491818718612,24.83514404296875,0.85001140832901,0.0,0.7160854339599609,177.48782348632812,0.00019389839144423604,8.660670280456543,3.199848175048828,0.5058378577232361,375.4339573411271
12.95,77.95,0.0,0.07253939658403397,0.028981802985072136,36.528621673583984,100.13005828857422,22.393983840942383,0.0004911267897114158,24.83514404296875,0.632755696773529,0.0,0.7160854339599609,177.48782348632812,0.0003108072269242257,7.223954677581787,2.6546518802642822,0.6043113470077515,373.3097135015705
13.05,77.05,0.0,0.004789379891008139,0.0016012563137337565,11.49119758605957,31.498987197875977,7.044713497161865,0.0012986500514671206,16.88753890991211,1.1151580810546875,0.0,0.22526668012142181,80.8926010131836,0.0005380536313168705,8.119974136352539,1.576140284538269,0.7436662316322327,159.6034709577798
13.05,77.15,0.0,0.02375556342303753,0.003071100451052189,11.49119758605957,31.498987197875977,7.044713497161865,5.35988010597066e-06,16.88753890991211,0.9757456183433533,0.0,0.22526668012142181,80.8926010131836,7.851072041376028e-06,7.3914361000061035,4.801655292510986,0.4979550540447235,161.73393682404594
13.05,77.25,0.0,0.0,0.0016069799894466996,14.964396476745605,41.01950454711914,9.173968315124512,0.0005143465823493898,20.25795555114746,0.8373597264289856,0.0,0.29335319995880127,105.3422622680664,0.00021499198919627815,8.123893737792969,4.683288097381592,0.525820791721344,205.2241390300478
13.05,77.35,0.0,0.0,0.029140321537852287,18.437593460083008,50.540035247802734,11.30322265625,0.0005005762213841081,23.628376007080078,0.6611502766609192,0.0,0.36143970489501953,129.7919464111328,0.00022155481565278023,9.404507637023926,3.8356924057006836,0.5595763325691223,248.5534025917732
13.05,77.45,0.0,0.04021235182881355,0.21286316215991974,18.437593460083008,50.540035247802734,11.30322265625,0.0010728512424975634,23.628376007080078,3.8629398345947266,0.0,0.36143970489501953,129.7919464111328,0.0013925399398431182,8.34742546081543,3.4932966232299805,0.5618928670883179,250.58370917814318
13.05,77.55,0.0,0.17331598699092865,0.28833839297294617,121.55537414550781,537.3031616210938,74.51988983154297,0.019814500585198402,72.13360595703125,9.509417533874512,0.0,2.382899045944214,237.7169189453125,0.013090800493955612,2.6440417766571045,1.9492201805114746,0.20265743136405945,1060.4117461498827
13.05,77.65,0.0,0.2174507975578308,0.0,121.55537414550781,537.3031616210938,74.51988983154297,0.007416176609694958,72.13360595703125,8.176549911499023,0.0,2.382899045944214,237.7169189453125,0.005033940076828003,3.877817153930664,2.9003994464874268,0.2958415150642395,1061.0923584876582
13.05,77.75,0.0,0.07482575625181198,0.02629092149436474,71.85069274902344,350.0299377441406,44.04827880859375,0.0009527790825814009,50.48821258544922,2.031726121902466,0.0,1.4085181951522827,179.96173095703125,0.00037845721817575395,5.9277472496032715,3.1369917392730713,0.4159134030342102,709.4021974672505
13.05,77.85,0.0,0.03182411938905716,0.06868355721235275,22.146005630493164,162.75672912597656,13.576675415039062,5.5937140132300556e-05,28.842815399169922,1.8351389169692993,0.0,0.43413710594177246,122.20647430419922,6.384996959241107e-05,8.709935188293457,4.194096088409424,0.5360042452812195,365.33863888348424
13.05,77.95,0.0,0.0,0.05900279060006142,22.146005630493164,162.75672912597656,13.576675415039062,0.0003046276106033474,28.842815399169922,1.720184087753296,0.0,0.43413710594177246,122.20647430419922,0.00012545518984552473,7.373940467834473,2.999471664428711,0.6268476843833923,362.7427137586201
13.15,77.05,0.0,0.009256619960069656,0.0025036679580807686,11.49119758605957,31.498987197875977,7.044713497161865,0.0,16.88753890991211,0.7112853527069092,0.0,0.22526668012142181,80.8926010131836,2.2637400434177835e-06,7.200065612792969,1.1040972471237183,0.6537062525749207,157.72122190117125
13.15,77.15,0.0,0.015108718536794186,0.02312951721251011,11.49119758605957,31.498987197875977,7.044713497161865,8.15817984403111e-05,16.88753890991211,0.7847129106521606,0.0,0.22526668012142181,80.8926010131836,2.2744441594113596e-05,7.646862983703613,3.058751344680786,0.4674552381038666,160.0364299234443
13.15,77.25,0.0,0.02712768130004406,0.17307239770889282,14.964396476745605,41.01950454711914,9.173968315124512,0.00011544428707566112,20.25795555114746,0.8988357186317444,0.0,0.29335319995880127,105.3422622680664,3.1799394491827115e-05,9.087750434875488,3.8749802112579346,0.5505698323249817,205.66392387794258
13.15,77.35,0.0,0.038469597697257996,0.1999259740114212,18.437593460083008,50.540035247802734,11.30322265625,0.0007464569644071162,23.628376007080078,0.5300821661949158,0.0,0.36143970489501953,129.7919464111328,0.00030348842847160995,8.55077075958252,4.304243564605713,0.5365501046180725,248.22370559934643
13.15,77.45,0.0,0.0757683739066124,0.11299619823694229,18.437593460083008,50.540035247802734,11.30322265625,0.0001229214103659615,23.628376007080078,1.3638031482696533,0.0,0.36143970489501953,129.7919464111328,0.0001396320149069652,6.9530839920043945,3.582564115524292,0.48969221115112305,246.64078407976194
13.15,77.55,0.0,0.1338084191083908,0.03272436186671257,121.55537414550781,537.3031616210938,74.51988983154297,0.0010418565943837166,72.13360595703125,1.745347261428833,0.0,2.382899045944214,237.7169189453125,0.0010219753021374345,6.092820167541504,3.4601757526397705,0.438991516828537,1057.5177808577428
13.15,77.65,0.0,0.14126640558242798,0.0,121.55537414550781,537.3031616210938,74.51988983154297,0.0017080979887396097,72.13360595703125,2.2483630180358887,0.0,2.382899045944214,237.7169189453125,0.001723548281006515,8.703348159790039,3.7863473892211914,0.5888280868530273,1061.0834342521848
13.15,77.75,0.0,0.030822359025478363,0.0,71.85069274902344,350.0299377441406,44.04827880859375,0.00010238619870506227,50.48821258544922,1.6984270811080933,0.0,1.4085181951522827,179.96173095703125,5.2523882914101705e-05,8.733095169067383,4.516199588775635,0.5477389097213745,713.3138090571701
13.15,77.85,0.0,0.07385700196027756,0.021524524316191673,22.146005630493164,162.75672912597656,13.576675415039062,0.0005954661755822599,28.842815399169922,1.7405190467834473,0.0,0.43413710594177246,122.20647430419922,0.00022532879665959626,8.225265502929688,4.6133646965026855,0.5267089605331421,365.1648975088174
13.15,77.95,0.0,0.03658488020300865,0.02748432196676731,22.146005630493164,162.75672912597656,13.576675415039062,0.0006645191460847855,28.842815399169922,0.497568279504776,0.0,0.43413710594177246,122.20647430419922,0.0002846436109393835,7.083248138427734,3.84531569480896,0.6320663094520569,362.08605376794003
13.25,77.05,0.0,0.00870751217007637,0.0844489112496376,21.10801887512207,57.86003875732422,12.940336227416992,0.0,18.457523345947266,0.7687186598777771,0.0,0.4137890934944153,104.01698303222656,0.0,8.180455207824707,0.8486809134483337,0.7389048933982849,225.42660542950034
13.25,77.15,0.0,0.036971163004636765,0.2013251930475235,21.10801887512207,57.86003875732422,12.940336227416992,0.00027514377143234015,18.457523345947266,1.189818024635315,0.0,0.4137890934944153,104.01698303222656,0.0001239371922565624,8.932842254638672,1.0693151950836182,0.8079966902732849,227.03535693317826
13.25,77.25,0.0,0.049696195870637894,0.10025686770677567,17.354196548461914,47.57028579711914,10.639043807983398,0.0002867197908926755,18.867156982421875,0.9619245529174805,0.0,0.34020140767097473,99.87859344482422,0.00025569836725480855,8.745428085327148,3.299783945083618,0.514767587184906,208.32187764073024
13.25,77.35,0.0,0.00952107459306717,0.10622710734605789,13.60037612915039,37.28053283691406,8.337751388549805,3.973240018240176e-05,19.276779174804688,0.3951752185821533,0.0,0.2666136622428894,95.7402114868164,1.6045560187194496e-05,8.003849029541016,3.9477243423461914,0.5020910501480103,187.4669082789951
13.25,77.45,0.0,0.1349627822637558,0.06364176422357559,13.60037612915039,37.28053283691406,8.337751388549805,4.2417115764692426e-05,19.276779174804688,0.7351268529891968,0.0,0.2666136622428894,95.7402114868164,5.572559894062579e-05,6.704769611358643,4.493819713592529,0.454036682844162,187.0887202284648
13.25,77.55,0.0,0.02063664048910141,0.0,69.3542709350586,396.8620300292969,42.51784896850586,0.0016729439375922084,45.79696273803711,1.6831560134887695,0.0,1.359580159187317,179.23358154296875,0.000825813680421561,6.800474166870117,4.0053839683532715,0.4469285309314728,748.0833524508053
13.25,77.65,0.0,0.09887662529945374,0.0,69.3542709350586,396.8620300292969,42.51784896850586,0.0004387593944557011,45.79696273803711,0.2781972885131836,0.0,1.359580159187317,179.23358154296875,0.00020595960086211562,8.11087417602539,4.268124580383301,0.5122720003128052,748.393263762584
13.25,77.75,0.0,0.05372760072350502,0.0,44.741825103759766,251.53253173828125,27.42911148071289,0.0005904337158426642,33.69645690917969,1.7848200798034668,0.0,0.8770920634269714,152.04469299316406,0.0002520396083127707,8.21462631225586,4.20171594619751,0.5146973133087158,525.0921400141378
13.25,77.85,0.0,0.003038867609575391,0.0,20.129371643066406,106.20314025878906,12.340374946594238,0.00014380260836333036,21.5959415435791,1.7177660465240479,0.0,0.394604355096817,124.85582733154297,6.858792039565742e-05,6.697272777557373,3.3896162509918213,0.5902532339096069,297.9174196457898
13.25,77.95,0.0,0.07236336171627045,0.011951434426009655,20.129371643066406,106.20314025878906,12.340374946594238,7.34794230083935e-05,21.5959415435791,1.8270070552825928,0.0,0.394604355096817,124.85582733154297,3.232751987525262e-05,6.743591785430908,3.079956293106079,0.5880406498908997,297.84227646546424
13.35,77.05,0.0,0.04278780147433281,0.15885721147060394,30.724836349487305,84.2210922241211,18.83595848083496,0.0008422133978456259,20.027511596679688,0.7291776537895203,0.0,0.6023115515708923,127.141357421875,0.00037053952109999955,9.285614967346191,1.0298773050308228,0.837267279624939,293.6378625962243
13.35,77.15,0.0,0.0041801524348556995,0.0,30.724836349487305,84.2210922241211,18.83595848083496,0.0041257417760789394,20.027511596679688,2.5157439708709717,0.0,0.6023115515708923,127.141357421875,0.001554911839775741,8.190972328186035,0.629660427570343,0.7190995216369629,293.61840467888396
13.35,77.25,0.0,0.028553036972880363,0.09587088972330093,19.743999481201172,54.121070861816406,12.104118347167969,9.995165601139888e-05,17.476354598999023,1.6408110857009888,0.0,0.38704967498779297,94.41492462158203,5.1249840907985345e-05,8.196560859680176,0.6252887845039368,0.7273076176643372,209.56206106149693
13.35,77.35,0.0,0.12458761781454086,0.08294627070426941,8.76315689086914,24.021041870117188,5.372280120849609,6.197059974510921e-06,14.925192832946777,0.8516086339950562,0.0,0.17178772389888763,61.68849182128906,2.8287479381106095e-06,7.691507339477539,2.5240800380706787,0.44826069474220276,126.66495088058286
13.35,77.45,0.0,0.04985399916768074,0.0,8.76315689086914,24.021041870117188,5.372280120849609,0.00013984780525788665,14.925192832946777,0.0,0.0,0.17178772389888763,61.68849182128906,6.031956581864506e-05,6.780635833740234,3.7406275272369385,0.4398418962955475,125.95311068378214
13.35,77.55,0.0,0.004774163942784071,0.0,17.153173446655273,256.42083740234375,10.515804290771484,0.0008057717932388186,19.460315704345703,1.65224289894104,0.0,0.3362606167793274,120.7502670288086,0.00037603560485877097,7.097342491149902,4.233240604400635,0.47340190410614014,438.09884235964273
13.35,77.65,0.0,0.09668245166540146,0.0,17.153173446655273,256.42083740234375,10.515804290771484,0.00010525379184400663,19.460315704345703,1.6992290019989014,0.0,0.3362606167793274,120.7502670288086,6.495779234683141e-05,7.136801719665527,3.4635837078094482,0.6282529830932617,437.66137856552086
13.35,77.75,0.0,0.06399419903755188,0.0,17.632957458496094,153.03521728515625,10.80993938446045,0.00011611789523158222,16.904695510864258,0.7486824989318848,0.0,0.3456660807132721,124.12773895263672,8.012447506189346e-05,6.993350028991699,3.2860562801361084,0.6052265167236328,334.5537204385182
13.35,77.85,0.0,0.0,0.00038892964948900044,18.11274528503418,49.64956283569336,11.104072570800781,0.0008530388004146516,14.349077224731445,0.8863275647163391,0.0,0.3550715446472168,127.50517272949219,0.00036663355422206223,6.189840316772461,2.799396276473999,0.5372275710105896,231.49010252137668
13.35,77.95,0.0,0.006204419303685427,0.00914791226387024,18.11274528503418,49.64956283569336,11.104072570800781,3.3294760214630514e-05,14.349077224731445,0.4448511004447937,0.0,0.3550715446472168,127.50517272949219,3.118643871857785e-05,6.364724636077881,3.4165680408477783,0.5676560401916504,231.88491882072776
13.45,77.05,0.0,0.010079890489578247,0.0,30.724836349487305,84.2210922241211,18.83595848083496,1.597377922735177e-05,20.027511596679688,0.07720331847667694,0.0,0.6023115515708923,127.141357421875,6.540095000673318e-06,8.72895622253418,0.9528636336326599,0.7864471673965454,292.1086403709728
13.45,77.15,0.0,0.009213397279381752,0.07917479425668716,30.724836349487305,84.2210922241211,18.83595848083496,0.00014881599054206163,20.027511596679688,0.8357016444206238,0.0,0.6023115515708923,127.141357421875,6.248724821489304e-05,9.058201789855957,0.7722802758216858,0.8018071055412292,293.10965793498326
13.45,77.25,0.0,0.09982942789793015,0.09533027559518814,19.743999481201172,54.121070861816406,12.104118347167969,8.073501521721482e-05,17.476354598999023,1.0805107355117798,0.0,0.38704967498779297,94.41492462158203,4.218743197270669e-05,8.733449935913086,0.7349927425384521,0.7804956436157227,209.77224926927374
13.45,77.35,0.0,0.04821119084954262,0.0,8.76315689086914,24.021041870117188,5.372280120849609,1.3163959920348134e-05,14.925192832946777,1.214236855506897,0.0,0.17178772389888763,61.68849182128906,0.0,7.129685401916504,1.71855628490448,0.5802200436592102,125.63287420076722
13.45,77.45,0.0,0.017351161688566208,0.0,8.76315689086914,24.021041870117188,5.372280120849609,0.00011306747910566628,14.925192832946777,0.7733675241470337,0.0,0.17178772389888763,61.68849182128906,4.45398036390543e-05,7.062662124633789,3.1695477962493896,0.6120415329933167,126.5770790069655
13.45,77.55,0.0,0.004637639969587326,0.0,17.153173446655273,256.42083740234375,10.515804290771484,8.595054532634094e-05,19.460315704345703,1.0903966426849365,0.0,0.3362606167793274,120.7502670288086,3.768588067032397e-05,6.846445560455322,2.895432233810425,0.5877254605293274,436.0614196635797
13.45,77.65,0.0,0.09623389691114426,0.0,17.153173446655273,256.42083740234375,10.515804290771484,1.5406039892695844e-05,19.460315704345703,0.03259287029504776,0.0,0.3362606167793274,120.7502670288086,2.039952050836291e-05,6.076934337615967,2.278656005859375,0.5123006105422974,433.63341201648836
13.45,77.75,0.0,0.06765419989824295,0.008168940432369709,17.632957458496094,153.03521728515625,10.80993938446045,0.001374456100165844,16.904695510864258,0.7448719143867493,0.0,0.3456660807132721,124.12773895263672,0.0005136167746968567,4.258883476257324,2.4142682552337646,0.385930597782135,330.7378801291925
13.45,77.85,0.0,0.0,0.008375448174774647,18.11274528503418,49.64956283569336,11.104072570800781,5.0365542847430333e-05,14.349077224731445,0.27179577946662903,0.0,0.3550715446472168,127.50517272949219,2.5447678126511164e-05,6.188119888305664,2.723004102706909,0.5311872959136963,230.79826051818782
13.45,77.95,0.0,0.0,0.0,18.11274528503418,49.64956283569336,11.104072570800781,9.151248377747834e-06,14.349077224731445,0.3125219941139221,0.0,0.3550715446472168,127.50517272949219,2.8331756766419858e-05,6.230763912200928,2.8372795581817627,0.5383663773536682,230.9946715152546
